Workbook

Sheet Scorecard
B2: Business Name Here
B4: # | C4: Portfolio | D4: Contact | E4: Company | F4: Initiative | G4: Last Qtr Status | H4: Status | I4: Strategic Value Level | J4: Business Problem Solved | K4: Ratio Impacted | L4: KPI Metric | M4: Financial Target | N4: Financial Actual | O4: Strategic Value Pts | P4: Status Weight | Q4: Progress Value | R4: Total Score
B5: Sample | C5: =IF(F5="","","PYXiS") -> PYXiS | D5: =IF(F5="","",'P1'!$C$17) -> jamie.collingwood@pyxissoftware.com | E5: =IF(D5="","",B$2) -> Business Name Here | F5: =IF('P1'!$F$3="","",'P1'!$F$3) -> Advanced Email Campaigns | G5: =IF(F5="","",'P1'!$AO$5) -> Dev | H5: =IF(F5="","",'P1'!$AO$4) -> Live | I5: ='P1'!$F$8 -> Complex Tool | J5: ='P1'!$F$5 -> hyperpersonalized email campaigns | K5: ='P1'!$AC$7 -> Maintenance | L5: ='P1'!$G$13 -> Revenue Growth from AI-enhanced products | M5: ='P1'!$BE$33*1000 -> 250000 | N5: ='P1'!$E$48*1000 -> 0 | O5: ='P1'!$AV$3 -> 25 | P5: ='P1'!$AV$4 -> 1 | Q5: ='P1'!$AV$5 -> 1.2 | R5: =O5*P5*Q5 -> 30
B6: 1 | C6: =IF(F6="","","PYXiS") | D6: =IF(F6="","",Sample!$C$17) | E6: =IF(F6="","",B$2) | F6: =IF(Sample!$F$3="","",Sample!$F$3) | G6: =IF(F6="","",Sample!$AO$5) | H6: =IF(F6="","",Sample!$AO$4) | I6: =IF(F6="","",Sample!$F$8) | J6: =IF(F6="","",Sample!$F$5) | K6: =IF(F6="","",Sample!$AC$7) | L6: =IF(F6="","",Sample!$G$13) | M6: =Sample!$BE$33*1000 -> 0 | N6: =Sample!$E$48*1000 -> 0 | O6: =Sample!$AV$3 -> 10 | P6: =Sample!$AV$4 -> 0 | Q6: =Sample!$AV$5 -> 0 | R6: =O6*P6*Q6 -> 0
B7: 2 | C7: =IF(F7="","","PYXiS") | D7: =IF(F7="","",'P2'!$C$17) | E7: =IF(F7="","",B$2) | F7: =IF('P2'!$F$3="","",'P2'!$F$3) | G7: =IF(F7="","",'P2'!$AO$5) | H7: =IF(F7="","",'P2'!$AO$4) | I7: =IF(F7="","",'P2'!$F$8) | J7: =IF(F7="","",'P2'!$F$5) | K7: =IF(F7="","",'P2'!$AC$7) | L7: =IF(F7="","",'P2'!$G$13) | M7: ='P2'!$BE$33*1000 -> 0 | N7: ='P2'!$E$48*1000 -> 0 | O7: ='P2'!$AV$3 -> 0 | P7: ='P2'!$AV$4 -> 0 | Q7: ='P2'!$AV$5 -> 0 | R7: =O7*P7*Q7 -> 0
B8: 3 | C8: =IF(F8="","","PYXiS") | D8: =IF(F8="","",'P3'!$C$17) | E8: =IF(F8="","",B$2) | F8: =IF('P3'!$F$3="","",'P3'!$F$3) | G8: =IF(F8="","",'P3'!$AO$5) | H8: =IF(F8="","",'P3'!$AO$4) | I8: =IF(F8="","",'P3'!$F$8) | J8: =IF(F8="","",'P3'!$F$5) | K8: =IF(F8="","",'P3'!$AC$7) | L8: =IF(F8="","",'P3'!$G$13) | M8: ='P3'!$BE$33*1000 -> 0 | N8: ='P3'!$E$48*1000 -> 0 | O8: ='P3'!$AV$3 -> 0 | P8: ='P3'!$AV$4 -> 0 | Q8: ='P3'!$AV$5 -> 0 | R8: =O8*P8*Q8 -> 0
B9: 4 | C9: =IF(F9="","","PYXiS") | D9: =IF(F9="","",'P4'!$C$17) | E9: =IF(F9="","",B$2) | F9: =IF('P4'!$F$3="","",'P4'!$F$3) | G9: =IF(F9="","",'P4'!$AO$5) | H9: =IF(F9="","",'P4'!$AO$4) | I9: =IF(F9="","",'P4'!$F$8) | J9: =IF(F9="","",'P4'!$F$5) | K9: =IF(F9="","",'P4'!$AC$7) | L9: =IF(F9="","",'P4'!$G$13) | M9: ='P4'!$BE$33*1000 -> 0 | N9: ='P4'!$E$48*1000 -> 0 | O9: ='P4'!$AV$3 -> 0 | P9: ='P4'!$AV$4 -> 0 | Q9: ='P4'!$AV$5 -> 0 | R9: =O9*P9*Q9 -> 0
B10: 5 | C10: =IF(F10="","","PYXiS") | D10: =IF(F10="","",[1]P5!$C$17) | E10: =IF(F10="","",B$2) | F10: =IF('P5'!$F$3="","",'P5'!$F$3) | G10: =IF(F10="","",'P5'!$AO$5) | H10: =IF(F10="","",'P5'!$AO$4) | I10: =IF(F10="","",'P5'!$F$8) | J10: =IF(F10="","",'P5'!$F$5) | K10: =IF(F10="","",'P5'!$AC$7) | L10: =IF(F10="","",'P5'!$G$13) | M10: ='P5'!$BE$33*1000 -> 0 | N10: ='P5'!$E$48*1000 -> 0 | O10: ='P5'!$AV$3 -> 0 | P10: ='P5'!$AV$4 -> 0 | Q10: ='P5'!$AV$5 -> 0 | R10: =O10*P50*Q10 -> 0
B11: 6 | C11: =IF(F11="","","PYXiS") | D11: =IF(F11="","",'P6'!$C$17) | E11: =IF(F11="","",B$2) | F11: =IF('P6'!$F$3="","",'P6'!$F$3) | G11: =IF(F11="","",'P6'!$AO$5) | H11: =IF(F11="","",'P6'!$AO$4) | I11: =IF(F11="","",'P6'!$F$8) | J11: =IF(F11="","",'P6'!$F$5) | K11: =IF(F11="","",'P6'!$AC$7) | L11: =IF(F11="","",'P6'!$G$13) | M11: ='P6'!$BE$33*1000 -> 0 | N11: ='P6'!$E$48*1000 -> 0 | O11: ='P6'!$AV$3 -> 0 | P11: ='P6'!$AV$4 -> 0 | Q11: ='P6'!$AV$5 -> 0 | R11: =O11*P61*Q11 -> 0
B12: 7 | C12: =IF(F12="","","PYXiS") | D12: =IF(F12="","",'P7'!$C$17) | E12: =IF(F12="","",B$2) | F12: =IF('P7'!$F$3="","",'P7'!$F$3) | G12: =IF(F12="","",'P7'!$AO$5) | H12: =IF(F12="","",'P7'!$AO$4) | I12: =IF(F12="","",'P7'!$F$8) | J12: =IF(F12="","",'P7'!$F$5) | K12: =IF(F12="","",'P7'!$AC$7) | L12: =IF(F12="","",'P7'!$G$13) | M12: ='P7'!$BE$33*1000 -> 0 | N12: ='P7'!$E$48*1000 -> 0 | O12: ='P7'!$AV$3 -> 0 | P12: ='P7'!$AV$4 -> 0 | Q12: ='P7'!$AV$5 -> 0 | R12: =O12*P72*Q12 -> 0
B13: 8 | C13: =IF(F13="","","PYXiS") | D13: =IF(F13="","",'P8'!$C$17) | E13: =IF(F13="","",B$2) | F13: =IF('P8'!$F$3="","",'P8'!$F$3) | G13: =IF(F13="","",'P8'!$AO$5) | H13: =IF(F13="","",'P8'!$AO$4) | I13: =IF(F13="","",'P8'!$F$8) | J13: =IF(F13="","",'P8'!$F$5) | K13: =IF(F13="","",'P8'!$AC$7) | L13: =IF(F13="","",'P8'!$G$13) | M13: ='P8'!$BE$33*1000 -> 0 | N13: ='P8'!$E$48*1000 -> 0 | O13: ='P8'!$AV$3 -> 0 | P13: ='P8'!$AV$4 -> 0 | Q13: ='P8'!$AV$5 -> 0 | R13: =O13*P83*Q13 -> 0
B14: 9 | C14: =IF(F14="","","PYXiS") | D14: =IF(F14="","",'P9'!$C$17) | E14: =IF(F14="","",B$2) | F14: =IF('P9'!$F$3="","",'P9'!$F$3) | G14: =IF(F14="","",'P9'!$AO$5) | H14: =IF(F14="","",'P9'!$AO$4) | I14: =IF(F14="","",'P9'!$F$8) | J14: =IF(F14="","",'P9'!$F$5) | K14: =IF(F14="","",'P9'!$AC$7) | L14: =IF(F14="","",'P9'!$G$13) | M14: ='P9'!$BE$33*1000 -> 0 | N14: ='P9'!$E$48*1000 -> 0 | O14: ='P9'!$AV$3 -> 0 | P14: ='P9'!$AV$4 -> 0 | Q14: ='P9'!$AV$5 -> 0 | R14: =O14*P94*Q14 -> 0
B15: 10 | C15: =IF(F15="","","PYXiS") | D15: =IF(F15="","",'P10'!$C$17) | E15: =IF(F15="","",B$2) | F15: =IF('P10'!$F$3="","",'P10'!$F$3) | G15: =IF(F15="","",'P10'!$AO$5) | H15: =IF(F15="","",'P10'!$AO$4) | I15: =IF(F15="","",'P10'!$F$8) | J15: =IF(F15="","",'P10'!$F$5) | K15: =IF(F15="","",'P10'!$AC$7) | L15: =IF(F15="","",'P10'!$G$13) | M15: ='P10'!$BE$33*1000 -> 0 | N15: ='P10'!$E$48*1000 -> 0 | O15: ='P10'!$AV$3 -> 0 | P15: ='P10'!$AV$4 -> 0 | Q15: ='P10'!$AV$5 -> 0 | R15: =O15*P105*Q15 -> 0
L16: TOTAL FINANCIAL | M16: =SUM(M6:M15) -> 0 | N16: =SUM(N6:N15) -> 0 | O16: TOTAL AI SCORE FOR BU | R16: =SUM(R6:R15) -> 0

Sheet Sample
B3: PROJECT | AG3: Strategic Value | AO3: =F8 -> Simple Tool | AV3: =IF(F7="",0,VLOOKUP(F7,Lookups!B12:H16,3)) -> 10 | AZ3: =NOW() -> 45957.658
AG4: Stage Multiplier (today) | AO4: =VLOOKUP(COUNTIF(AY10:BA21,"<="&AZ3),Table3357[],2) -> Not Def | AV4: =IF(AO4="Not Def",0,VLOOKUP(AO4,Lookups!L4:M8,2)) -> 0 | AZ4: Current Qtr | BC4: =VLOOKUP((YEAR(AZ3)&"-"&MONTH(AZ3)),Lookups!S3:U21,2) -> 2025-Q4
B5: Description (Use Case) | AG5: Stage Last Quarter | AO5: =VLOOKUP(COUNTIF(AY10:BA21,"<"&VLOOKUP(BC4,Lookups!W3:Y9,2)),Table3357[],2) -> Not Def | AQ5: =IF(AV5=1,"No Change","Progression") -> Progression | AV5: =IF(AO4="Not Def",0,IF(AO5=AO4,1,1.2)) -> 0
AG6: PROJECT SCORE | AV6: =AV3*AV4*AV5 -> 0
B7: Category | F7: L1. Using external AI tools for basic internal productivity | Y7: Ratio Impacted
B8: Strategic Value Level | F8: =IF(F7="","",VLOOKUP(F7,Lookups!B12:H16,2)) -> Simple Tool
B9: Examples | F9: =IF(F7="","",VLOOKUP(F7,Lookups!B12:H16,4)) -> ChatGPT for content, Co-Pilot for drafting emails, AI meeting sunnaries | AG9: Stage | AO9: Tasks | AV9: Target | AY9: Completed | BB9: Days to Target
AG10: Idea | AO10: Project Defined | BB10: =IF(AV10=$BK$3,"Missing Target",IF(AY10=$BK$3,IF($AZ$3>AV10,INT($AZ$3-AV10)&" Day(s) Overdue","Incomplete"),IF(AY10>AV10,INT(AY10-AV10)&" Day(s) Late",IF(AY10=AV10,"OK",INT(AV10-AY10)&" Day(s) Ahead")))) -> Missing Target
B11: PROJECT RESOURCES | F11: KEY PERFORMANCE INDICATORS / MEASURES OF SUCCESS | AO11: Business Case approved | BB11: =IF(AV11=$BK$3,"Missing Target",IF(AY11=$BK$3,IF($AZ$3>AV11,INT($AZ$3-AV11)&" Day(s) Overdue","Incomplete"),IF(AY11>AV11,INT(AY11-AV11)&" Day(s) Late",IF(AY11=AV11,"OK",INT(AV11-AY11)&" Day(s) Ahead")))) -> Missing Target
B12: AI Tools & Services | F12: =IF(F7="","",VLOOKUP(F7,Lookups!B12:H16,5)) -> Adoption Rate | O12: =IF(F7="","",VLOOKUP(F7,Lookups!B12:H16,6)) -> Productivity Gains | X12: =IF(F7="","",VLOOKUP(F7,Lookups!B12:H16,7)) -> Cost Savings | AO12: Resources Allocated | BB12: =IF(AV12=$BK$3,"Missing Target",IF(AY12=$BK$3,IF($AZ$3>AV12,INT($AZ$3-AV12)&" Day(s) Overdue","Incomplete"),IF(AY12>AV12,INT(AY12-AV12)&" Day(s) Late",IF(AY12=AV12,"OK",INT(AV12-AY12)&" Day(s) Ahead")))) -> Missing Target
F13: KPI | G13: Employee Productivity Gains | O13: KPI | P13: Select the primary KPI (Jonas Library) | X13: KPI | Y13: Select the primary KPI (Jonas Library) | AG13: Develop | AO13: Technical PoC validated | BB13: =IF(AV13=$BK$3,"Missing Target",IF(AY13=$BK$3,IF($AZ$3>AV13,INT($AZ$3-AV13)&" Day(s) Overdue","Incomplete"),IF(AY13>AV13,INT(AY13-AV13)&" Day(s) Late",IF(AY13=AV13,"OK",INT(AV13-AY13)&" Day(s) Ahead")))) -> Missing Target
F14: How does this Project support this KPI? | O14: How does this Project support this KPI? | X14: How does this Project support this KPI? | AO14: Dev roadmap documented | BB14: =IF(AV14=$BK$3,"Missing Target",IF(AY14=$BK$3,IF($AZ$3>AV14,INT($AZ$3-AV14)&" Day(s) Overdue","Incomplete"),IF(AY14>AV14,INT(AY14-AV14)&" Day(s) Late",IF(AY14=AV14,"OK",INT(AV14-AY14)&" Day(s) Ahead")))) -> Missing Target
AO15: Coding started | BB15: =IF(AV15=$A$1,"Missing Target",IF(AY15=$A$1,IF($AZ$3>AV15,INT($AZ$3-AV15)&" Day(s) Overdue","Incomplete"),IF(AY15>AV15,INT(AY15-AV15)&" Day(s) Late",IF(AY15=AV15,"OK",INT(AV15-AY15)&" Day(s) Ahead")))) -> Missing Target
AG16: Pilot | AO16: Deployment to beta | BB16: =IF(AV16=$A$1,"Missing Target",IF(AY16=$A$1,IF($AZ$3>AV16,INT($AZ$3-AV16)&" Day(s) Overdue","Incomplete"),IF(AY16>AV16,INT(AY16-AV16)&" Day(s) Late",IF(AY16=AV16,"OK",INT(AV16-AY16)&" Day(s) Ahead")))) -> Missing Target
B17: Contact | AO17: Initial metrics/feedback | BB17: =IF(AV17=$A$1,"Missing Target",IF(AY17=$A$1,IF($AZ$3>AV17,INT($AZ$3-AV17)&" Day(s) Overdue","Incomplete"),IF(AY17>AV17,INT(AY17-AV17)&" Day(s) Late",IF(AY17=AV17,"OK",INT(AV17-AY17)&" Day(s) Ahead")))) -> Missing Target
B18: Prod Mgr | F18: How will you measure the KPI? | O18: How will you measure the KPI? | X18: How will you measure the KPI? | AO18: Feedback affecting code | BB18: =IF(AV18=$A$1,"Missing Target",IF(AY18=$A$1,IF($AZ$3>AV18,INT($AZ$3-AV18)&" Day(s) Overdue","Incomplete"),IF(AY18>AV18,INT(AY18-AV18)&" Day(s) Late",IF(AY18=AV18,"OK",INT(AV18-AY18)&" Day(s) Ahead")))) -> Missing Target
B19: Analyst | AG19: Live | AO19: General release available | BB19: =IF(AV19=$A$1,"Missing Target",IF(AY19=$A$1,IF($AZ$3>AV19,INT($AZ$3-AV19)&" Day(s) Overdue","Incomplete"),IF(AY19>AV19,INT(AY19-AV19)&" Day(s) Late",IF(AY19=AV19,"OK",INT(AV19-AY19)&" Day(s) Ahead")))) -> Missing Target
B20: Tech Lead | AO20: Success mertics tracking | BB20: =IF(AV20=$A$1,"Missing Target",IF(AY20=$A$1,IF($AZ$3>AV20,INT($AZ$3-AV20)&" Day(s) Overdue","Incomplete"),IF(AY20>AV20,INT(AY20-AV20)&" Day(s) Late",IF(AY20=AV20,"OK",INT(AV20-AY20)&" Day(s) Ahead")))) -> Missing Target
B21: Exec | AO21: Feedback loop continuing | BB21: =IF(AV21=$A$1,"Missing Target",IF(AY21=$A$1,IF($AZ$3>AV21,INT($AZ$3-AV21)&" Day(s) Overdue","Incomplete"),IF(AY21>AV21,INT(AY21-AV21)&" Day(s) Late",IF(AY21=AV21,"OK",INT(AV21-AY21)&" Day(s) Ahead")))) -> Missing Target
B23: WEEKLY KPI TRACKER | F23: 1 | G23: =F23+1 -> 2 | H23: =G23+1 -> 3 | I23: =H23+1 -> 4 | J23: =I23+1 -> 5 | K23: =J23+1 -> 6 | L23: =K23+1 -> 7 | M23: =L23+1 -> 8 | N23: =M23+1 -> 9 | ... BE23: =BD23+1 -> 52
B24: Week Ending | F24: =NOW() -> 45957.658 | G24: =F24+7 -> 45964.658 | H24: =G24+7 -> 45971.658 | I24: =H24+7 -> 45978.658 | J24: =I24+7 -> 45985.658 | K24: =J24+7 -> 45992.658 | L24: =K24+7 -> 45999.658 | M24: =L24+7 -> 46006.658 | N24: =M24+7 -> 46013.658 | ... BE24: =BD24+7 -> 46314.658
B25: =G13&" TARGET" -> Employee Productivity Gains TARGET
B26: Actual
B27: Delta | F27: =F26-F25 -> 0 | G27: =G26-G25 -> 0 | H27: =H26-H25 -> 0 | I27: =I26-I25 -> 0 | J27: =J26-J25 -> 0 | K27: =K26-K25 -> 0 | L27: =L26-L25 -> 0 | M27: =M26-M25 -> 0 | ... BE27: =BE26-BE25 -> 0
B29: =P13&" TARGET" -> Select the primary KPI (Jonas Library) TARGET
B30: Actual
B31: Delta | F31: =F30-F29 -> 0 | G31: =G30-G29 -> 0 | H31: =H30-H29 -> 0 | I31: =I30-I29 -> 0 | J31: =J30-J29 -> 0 | K31: =K30-K29 -> 0 | L31: =L30-L29 -> 0 | M31: =M30-M29 -> 0 | ... BE31: =BE30-BE29 -> 0
B33: =Y13&" TARGET" -> Select the primary KPI (Jonas Library) TARGET
B34: Actual
B35: Delta | F35: =F34-F33 -> 0 | G35: =G34-G33 -> 0 | H35: =H34-H33 -> 0 | I35: =I34-I33 -> 0 | J35: =J34-J33 -> 0 | K35: =K34-K33 -> 0 | L35: =L34-L33 -> 0 | M35: =M34-M33 -> 0 | ... BE35: =BE34-BE33 -> 0
B38: Revenue Target | F38: =IF($X$12="Revenue Impact",F33,0) -> 0 | G38: =IF($X$12="Revenue Impact",G33,0) -> 0 | H38: =IF($X$12="Revenue Impact",H33,0) -> 0 | I38: =IF($X$12="Revenue Impact",I33,0) -> 0 | J38: =IF($X$12="Revenue Impact",J33,0) -> 0 | K38: =IF($X$12="Revenue Impact",K33,0) -> 0 | L38: =IF($X$12="Revenue Impact",L33,0) -> 0 | M38: =IF($X$12="Revenue Impact",M33,0) -> 0 | ... BE38: =IF($X$12="Revenue Impact",BE33,0) -> 0
B39: Revenue Actual | F39: =IF($X$12="Revenue Impact",F34,0) -> 0 | G39: =IF($X$12="Revenue Impact",G34,0) -> 0 | H39: =IF($X$12="Revenue Impact",H34,0) -> 0 | I39: =IF($X$12="Revenue Impact",I34,0) -> 0 | J39: =IF($X$12="Revenue Impact",J34,0) -> 0 | K39: =IF($X$12="Revenue Impact",K34,0) -> 0 | L39: =IF($X$12="Revenue Impact",L34,0) -> 0 | M39: =IF($X$12="Revenue Impact",M34,0) -> 0 | ... BE39: =IF($X$12="Revenue Impact",BE34,0) -> 0
B41: Cost Target | F41: =IF($X$12="Cost Savings",F33,0) -> 0 | G41: =IF($X$12="Cost Savings",G33,0) -> 0 | H41: =IF($X$12="Cost Savings",H33,0) -> 0 | I41: =IF($X$12="Cost Savings",I33,0) -> 0 | J41: =IF($X$12="Cost Savings",J33,0) -> 0 | K41: =IF($X$12="Cost Savings",K33,0) -> 0 | L41: =IF($X$12="Cost Savings",L33,0) -> 0 | M41: =IF($X$12="Cost Savings",M33,0) -> 0 | ... BE41: =IF($X$12="Cost Savings",BE33,0) -> 0
B42: Cost Actual | F42: =IF($X$12="Cost Savings",F34,0) -> 0 | G42: =IF($X$12="Cost Savings",G34,0) -> 0 | H42: =IF($X$12="Cost Savings",H34,0) -> 0 | I42: =IF($X$12="Cost Savings",I34,0) -> 0 | J42: =IF($X$12="Cost Savings",J34,0) -> 0 | K42: =IF($X$12="Cost Savings",K34,0) -> 0 | L42: =IF($X$12="Cost Savings",L34,0) -> 0 | M42: =IF($X$12="Cost Savings",M34,0) -> 0 | ... BE42: =IF($X$12="Cost Savings",BE34,0) -> 0
B44: Financial Target | F44: =F38+F41 -> 0 | G44: =G38+G41 -> 0 | H44: =H38+H41 -> 0 | I44: =I38+I41 -> 0 | J44: =J38+J41 -> 0 | K44: =K38+K41 -> 0 | L44: =L38+L41 -> 0 | M44: =M38+M41 -> 0 | ... BE44: =BE38+BE41 -> 0
B45: Financial Actual | F45: =F39+F42 -> 0 | G45: =G39+G42 -> 0 | H45: =H39+H42 -> 0 | I45: =I39+I42 -> 0 | J45: =J39+J42 -> 0 | K45: =K39+K42 -> 0 | L45: =L39+L42 -> 0 | M45: =M39+M42 -> 0 | ... BE45: =BE39+BE42 -> 0
E46: To Date
B47: Current Financial Target | E47: =MAX(F47:BE47) -> 0 | F47: =IF($AZ$3>F24,F44,0) -> 0 | G47: =IF($AZ$3>G24,G44,0) -> 0 | H47: =IF($AZ$3>H24,H44,0) -> 0 | I47: =IF($AZ$3>I24,I44,0) -> 0 | J47: =IF($AZ$3>J24,J44,0) -> 0 | K47: =IF($AZ$3>K24,K44,0) -> 0 | L47: =IF($AZ$3>L24,L44,0) -> 0 | M47: =IF($AZ$3>M24,M44,0) -> 0 | ... BE47: =IF($AZ$3>BE24,BE44,0) -> 0
B48: Current Financial Actual | E48: =MAX(F48:BE48) -> 0 | F48: =IF($AZ$3>F25,F45,0) -> 0 | G48: =IF($AZ$3>G25,G45,0) -> 0 | H48: =IF($AZ$3>H25,H45,0) -> 0 | I48: =IF($AZ$3>I25,I45,0) -> 0 | J48: =IF($AZ$3>J25,J45,0) -> 0 | K48: =IF($AZ$3>K25,K45,0) -> 0 | L48: =IF($AZ$3>L25,L45,0) -> 0 | M48: =IF($AZ$3>M25,M45,0) -> 0 | ... BE48: =IF($AZ$3>BE25,BE45,0) -> 0

Sheet P1
B3: PROJECT | F3: Advanced Email Campaigns | AG3: Strategic Value | AO3: =F8 -> Complex Tool | AV3: =IF(F7="",0,VLOOKUP(F7,Lookups!B12:H16,3)) -> 25 | AZ3: =NOW() -> 45957.658
AG4: Stage Multiplier (today) | AO4: =VLOOKUP(COUNTIF(AY10:BA21,"<="&AZ3),Table3357[],2) -> Live | AV4: =VLOOKUP(AO4,Lookups!L4:M8,2) -> 1 | AZ4: Current Qtr | BC4: =VLOOKUP((YEAR(AZ3)&"-"&MONTH(AZ3)),Lookups!S3:U21,2) -> 2025-Q4
B5: Description (Use Case) | F5: hyperpersonalized email campaigns | AG5: Stage Last Quarter | AO5: =VLOOKUP(COUNTIF(AY10:BA21,"<"&VLOOKUP(BC4,Lookups!W3:Y9,2)),Table3357[],2) -> Dev | AQ5: =IF(AV5=1,"No Change","Progression") -> Progression | AV5: =IF(AO5=AO4,1,1.2) -> 1.2
AG6: PROJECT SCORE | AV6: =AV3*AV4*AV5 -> 30
B7: Category | F7: L2. Sophisticated AI tooling for developnent/operations but generally limited to a single departnent or workflow | Y7: Ratio Impacted | AC7: Maintenance
B8: Strategic Value Level | F8: =IF(F7="","",VLOOKUP(F7,Lookups!B12:H16,2)) -> Complex Tool
B9: Examples | F9: =IF(F7="","",VLOOKUP(F7,Lookups!B12:H16,4)) -> AI-powered code review, automated testing, advanced development environments | AG9: Stage | AO9: Tasks | AV9: Target | AY9: Completed | BB9: Days to Target
AG10: Idea | AO10: Project Defined | AV10: 45884 | AY10: 45885 | BB10: =IF(AV10=$BK$3,"Missing Target",IF(AY10=$BK$3,IF($AZ$3>AV10,INT($AZ$3-AV10)&" Day(s) Overdue","Incomplete"),IF(AY10>AV10,INT(AY10-AV10)&" Day(s) Late",IF(AY10=AV10,"OK",INT(AV10-AY10)&" Day(s) Ahead")))) -> 1 Day(s) Late
B11: PROJECT RESOURCES | F11: KEY PERFORMANCE INDICATORS / MEASURES OF SUCCESS | AO11: Business Case approved | AV11: =AV10+7 -> 45891 | AY11: 45901 | BB11: =IF(AV11=$BK$3,"Missing Target",IF(AY11=$BK$3,IF($AZ$3>AV11,INT($AZ$3-AV11)&" Day(s) Overdue","Incomplete"),IF(AY11>AV11,INT(AY11-AV11)&" Day(s) Late",IF(AY11=AV11,"OK",INT(AV11-AY11)&" Day(s) Ahead")))) -> 10 Day(s) Late
B12: AI Tools & Services | F12: =IF(F7="","",VLOOKUP(F7,Lookups!B12:H16,5)) -> Integration Depth | O12: =IF(F7="","",VLOOKUP(F7,Lookups!B12:H16,6)) -> Process Improvement | X12: =IF(F7="","",VLOOKUP(F7,Lookups!B12:H16,7)) -> Skills Development | AO12: Resources Allocated | AV12: =AV11+7 -> 45898 | AY12: =AV12 -> 45898 | BB12: =IF(AV12=$BK$3,"Missing Target",IF(AY12=$BK$3,IF($AZ$3>AV12,INT($AZ$3-AV12)&" Day(s) Overdue","Incomplete"),IF(AY12>AV12,INT(AY12-AV12)&" Day(s) Late",IF(AY12=AV12,"OK",INT(AV12-AY12)&" Day(s) Ahead")))) -> OK
B13: OrbitAI | F13: KPI | G13: Revenue Growth from AI-enhanced products | O13: KPI | P13: Conversion Rates from AI-powered features | X13: KPI | Y13: Automation Rate | AG13: Develop | AO13: Technical PoC validated | AV13: =AV12+7 -> 45905 | AY13: =AV13+2 -> 45907 | BB13: =IF(AV13=$BK$3,"Missing Target",IF(AY13=$BK$3,IF($AZ$3>AV13,INT($AZ$3-AV13)&" Day(s) Overdue","Incomplete"),IF(AY13>AV13,INT(AY13-AV13)&" Day(s) Late",IF(AY13=AV13,"OK",INT(AV13-AY13)&" Day(s) Ahead")))) -> 2 Day(s) Late
F14: How does this Project support this KPI? | O14: How does this Project support this KPI? | X14: How does this Project support this KPI? | AO14: Dev roadmap documented | AV14: =AV13+7 -> 45912 | AY14: =AV14+7 -> 45919 | BB14: =IF(AV14=$BK$3,"Missing Target",IF(AY14=$BK$3,IF($AZ$3>AV14,INT($AZ$3-AV14)&" Day(s) Overdue","Incomplete"),IF(AY14>AV14,INT(AY14-AV14)&" Day(s) Late",IF(AY14=AV14,"OK",INT(AV14-AY14)&" Day(s) Ahead")))) -> 7 Day(s) Late
F15: Enables revenue growth through enhanced sales processes | O15: AI Camp Bunking solution | X15: AI Camp Bunking solution | AO15: Coding started | AV15: =AV14+7 -> 45919 | AY15: =AY14 -> 45919 | BB15: =IF(AV15=$A$1,"Missing Target",IF(AY15=$A$1,IF($AZ$3>AV15,INT($AZ$3-AV15)&" Day(s) Overdue","Incomplete"),IF(AY15>AV15,INT(AY15-AV15)&" Day(s) Late",IF(AY15=AV15,"OK",INT(AV15-AY15)&" Day(s) Ahead")))) -> OK
AG16: Pilot | AO16: Deployment to beta | AV16: =AV15+7 -> 45926 | AY16: 45931 | BB16: =IF(AV16=$A$1,"Missing Target",IF(AY16=$A$1,IF($AZ$3>AV16,INT($AZ$3-AV16)&" Day(s) Overdue","Incomplete"),IF(AY16>AV16,INT(AY16-AV16)&" Day(s) Late",IF(AY16=AV16,"OK",INT(AV16-AY16)&" Day(s) Ahead")))) -> 5 Day(s) Late
B17: Contact | C17: jamie.collingwood@pyxissoftware.com | AO17: Initial metrics/feedback | AV17: =AV16+7 -> 45933 | AY17: 45932 | BB17: =IF(AV17=$A$1,"Missing Target",IF(AY17=$A$1,IF($AZ$3>AV17,INT($AZ$3-AV17)&" Day(s) Overdue","Incomplete"),IF(AY17>AV17,INT(AY17-AV17)&" Day(s) Late",IF(AY17=AV17,"OK",INT(AV17-AY17)&" Day(s) Ahead")))) -> 1 Day(s) Ahead
B18: Prod Mgr | C18: Jamie Collingwood | F18: How will you measure the KPI? | O18: How will you measure the KPI? | X18: How will you measure the KPI? | AO18: Feedback affecting code | AV18: =AV17+7 -> 45940 | AY18: 45940 | BB18: =IF(AV18=$A$1,"Missing Target",IF(AY18=$A$1,IF($AZ$3>AV18,INT($AZ$3-AV18)&" Day(s) Overdue","Incomplete"),IF(AY18>AV18,INT(AY18-AV18)&" Day(s) Late",IF(AY18=AV18,"OK",INT(AV18-AY18)&" Day(s) Ahead")))) -> OK
B19: Analyst | C19: Chase Winston | F19: Improvements in email response campaigns and meetings booked rates | O19: AI Camp Bunking solution | X19: AI Camp Bunking solution | AG19: Live | AO19: General release available | AV19: =AV18+7 -> 45947 | AY19: 45947 | BB19: =IF(AV19=$A$1,"Missing Target",IF(AY19=$A$1,IF($AZ$3>AV19,INT($AZ$3-AV19)&" Day(s) Overdue","Incomplete"),IF(AY19>AV19,INT(AY19-AV19)&" Day(s) Late",IF(AY19=AV19,"OK",INT(AV19-AY19)&" Day(s) Ahead")))) -> OK
B20: Tech Lead | C20: Jim Peltier | AO20: Success mertics tracking | AV20: =AV19+7 -> 45954 | AY20: 45954 | BB20: =IF(AV20=$A$1,"Missing Target",IF(AY20=$A$1,IF($AZ$3>AV20,INT($AZ$3-AV20)&" Day(s) Overdue","Incomplete"),IF(AY20>AV20,INT(AY20-AV20)&" Day(s) Late",IF(AY20=AV20,"OK",INT(AV20-AY20)&" Day(s) Ahead")))) -> OK
B21: Exec | C21: Sandy Crutcher | AO21: Feedback loop continuing | AV21: =AV20+7 -> 45961 | BB21: =IF(AV21=$A$1,"Missing Target",IF(AY21=$A$1,IF($AZ$3>AV21,INT($AZ$3-AV21)&" Day(s) Overdue","Incomplete"),IF(AY21>AV21,INT(AY21-AV21)&" Day(s) Late",IF(AY21=AV21,"OK",INT(AV21-AY21)&" Day(s) Ahead")))) -> Incomplete
B23: WEEKLY KPI TRACKER | F23: 1 | G23: =F23+1 -> 2 | H23: =G23+1 -> 3 | I23: =H23+1 -> 4 | J23: =I23+1 -> 5 | K23: =J23+1 -> 6 | L23: =K23+1 -> 7 | M23: =L23+1 -> 8 | N23: =M23+1 -> 9 | ... BE23: =BD23+1 -> 52
B24: Week Ending | F24: 45884 | G24: =F24+7 -> 45891 | H24: =G24+7 -> 45898 | I24: =H24+7 -> 45905 | J24: =I24+7 -> 45912 | K24: =J24+7 -> 45919 | L24: =K24+7 -> 45926 | M24: =L24+7 -> 45933 | N24: =M24+7 -> 45940 | ... BE24: =BD24+7 -> 46241
B25: =G13&" TARGET" -> Revenue Growth from AI-enhanced products TARGET | F25: 23 | G25: =F25 -> 23 | H25: =G25 -> 23 | I25: =H25 -> 23 | J25: =I25 -> 23 | K25: =J25 -> 23 | L25: =K25 -> 23 | M25: =L25 -> 23 | N25: 60 | O25: 60 | P25: 65 | Q25: 65 | R25: 66 | S25: 67 | T25: 68 | U25: 69 | V25: 70 | W25: 71 | X25: 72 | Y25: 73 | Z25: 74 | AA25: 75 | AB25: 76 | AC25: 77 | AD25: 78 | AE25: 79 | AF25: 80 | AG25: 80 | AH25: 80 | AI25: 80 | AJ25: 80 | AK25: 80 | AL25: 80 | AM25: 80 | AN25: 80 | AO25: 80 | AP25: 80 | AQ25: 80 | AR25: 80 | AS25: 80 | AT25: 80 | AU25: 80 | AV25: 80 | AW25: 80 | AX25: 80 | AY25: 80 | AZ25: 80 | BA25: 80 | BB25: 80 | BC25: 80 | BD25: 80 | BE25: 80
B26: Actual | F26: 25 | G26: 26 | H26: 27 | I26: 28 | J26: 28 | K26: 55 | L26: 55 | M26: 57 | N26: 61
B27: Delta | F27: =F26-F25 -> 2 | G27: =G26-G25 -> 3 | H27: =H26-H25 -> 4 | I27: =I26-I25 -> 5 | J27: =J26-J25 -> 5 | K27: =K26-K25 -> 32 | L27: =L26-L25 -> 32 | M27: =M26-M25 -> 34 | ... BE27: =BE26-BE25 -> -80
B29: =P13&" TARGET" -> Conversion Rates from AI-powered features TARGET | F29: 1 | G29: 2 | H29: 3 | L29: 2 | M29: 2 | N29: 2 | O29: 2 | P29: 2 | Q29: 5 | R29: 5 | S29: 5 | T29: 5 | U29: 5 | V29: 10 | W29: 10 | X29: 10 | Y29: 10 | Z29: 10 | AA29: 15 | AB29: 15 | AC29: 15 | AD29: 15 | AE29: 20 | AF29: 20 | AG29: 20 | AH29: 20 | AI29: 25 | AJ29: 25 | AK29: 25 | AL29: 25 | AM29: 25 | AN29: 25 | AO29: 25 | AP29: 25 | AQ29: 25 | AR29: 25 | AS29: 25 | AT29: 25 | AU29: 25 | AV29: 25 | AW29: 25 | AX29: 25 | AY29: 25 | AZ29: 25 | BA29: 25 | BB29: 25 | BC29: 25 | BD29: 25 | BE29: 25
B30: Actual | F30: 2 | G30: 2 | H30: 2 | I30: 0 | J30: 0 | K30: 0 | L30: 0 | M30: 1 | N30: 1
B31: Delta | F31: =F30-F29 -> 1 | G31: =G30-G29 -> 0 | H31: =H30-H29 -> -1 | I31: =I30-I29 -> 0 | J31: =J30-J29 -> 0 | K31: =K30-K29 -> 0 | L31: =L30-L29 -> -2 | M31: =M30-M29 -> -1 | ... BE31: =BE30-BE29 -> -25
B33: =Y13&" TARGET" -> Automation Rate TARGET | P33: 50 | Q33: =P33 -> 50 | R33: =Q33 -> 50 | S33: =R33 -> 50 | T33: =S33 -> 50 | U33: 100 | V33: =U33 -> 100 | W33: =V33 -> 100 | X33: =W33 -> 100 | Y33: =X33 -> 100 | Z33: =Y33 -> 100 | AA33: =Z33 -> 100 | AB33: 150 | AC33: =AB33 -> 150 | AD33: =AC33 -> 150 | AE33: =AD33 -> 150 | AF33: =AE33 -> 150 | AG33: =AF33 -> 150 | AH33: =AG33 -> 150 | AI33: =AH33 -> 150 | AJ33: 250 | AK33: =AJ33 -> 250 | AL33: =AK33 -> 250 | AM33: =AL33 -> 250 | AN33: =AM33 -> 250 | AO33: =AN33 -> 250 | AP33: =AO33 -> 250 | AQ33: =AP33 -> 250 | AR33: =AQ33 -> 250 | ... BE33: =BD33 -> 250
B34: Actual | F34: 0 | G34: 0 | H34: 0 | I34: 0 | J34: 0 | K34: 0 | L34: 0 | M34: 0
B35: Delta | F35: =F34-F33 -> 0 | G35: =G34-G33 -> 0 | H35: =H34-H33 -> 0 | I35: =I34-I33 -> 0 | J35: =J34-J33 -> 0 | K35: =K34-K33 -> 0 | L35: =L34-L33 -> 0 | M35: =M34-M33 -> 0 | ... BE35: =BE34-BE33 -> -250
B38: Revenue Target | F38: =IF($X$12="Revenue Impact",F33,0) -> 0 | G38: =IF($X$12="Revenue Impact",G33,0) -> 0 | H38: =IF($X$12="Revenue Impact",H33,0) -> 0 | I38: =IF($X$12="Revenue Impact",I33,0) -> 0 | J38: =IF($X$12="Revenue Impact",J33,0) -> 0 | K38: =IF($X$12="Revenue Impact",K33,0) -> 0 | L38: =IF($X$12="Revenue Impact",L33,0) -> 0 | M38: =IF($X$12="Revenue Impact",M33,0) -> 0 | ... BE38: =IF($X$12="Revenue Impact",BE33,0) -> 0
B39: Revenue Actual | F39: =IF($X$12="Revenue Impact",F34,0) -> 0 | G39: =IF($X$12="Revenue Impact",G34,0) -> 0 | H39: =IF($X$12="Revenue Impact",H34,0) -> 0 | I39: =IF($X$12="Revenue Impact",I34,0) -> 0 | J39: =IF($X$12="Revenue Impact",J34,0) -> 0 | K39: =IF($X$12="Revenue Impact",K34,0) -> 0 | L39: =IF($X$12="Revenue Impact",L34,0) -> 0 | M39: =IF($X$12="Revenue Impact",M34,0) -> 0 | ... BE39: =IF($X$12="Revenue Impact",BE34,0) -> 0
B41: Cost Target | F41: =IF($X$12="Cost Savings",F33,0) -> 0 | G41: =IF($X$12="Cost Savings",G33,0) -> 0 | H41: =IF($X$12="Cost Savings",H33,0) -> 0 | I41: =IF($X$12="Cost Savings",I33,0) -> 0 | J41: =IF($X$12="Cost Savings",J33,0) -> 0 | K41: =IF($X$12="Cost Savings",K33,0) -> 0 | L41: =IF($X$12="Cost Savings",L33,0) -> 0 | M41: =IF($X$12="Cost Savings",M33,0) -> 0 | ... BE41: =IF($X$12="Cost Savings",BE33,0) -> 0
B42: Cost Actual | F42: =IF($X$12="Cost Savings",F34,0) -> 0 | G42: =IF($X$12="Cost Savings",G34,0) -> 0 | H42: =IF($X$12="Cost Savings",H34,0) -> 0 | I42: =IF($X$12="Cost Savings",I34,0) -> 0 | J42: =IF($X$12="Cost Savings",J34,0) -> 0 | K42: =IF($X$12="Cost Savings",K34,0) -> 0 | L42: =IF($X$12="Cost Savings",L34,0) -> 0 | M42: =IF($X$12="Cost Savings",M34,0) -> 0 | ... BE42: =IF($X$12="Cost Savings",BE34,0) -> 0
B44: Financial Target | F44: =F38+F41 -> 0 | G44: =G38+G41 -> 0 | H44: =H38+H41 -> 0 | I44: =I38+I41 -> 0 | J44: =J38+J41 -> 0 | K44: =K38+K41 -> 0 | L44: =L38+L41 -> 0 | M44: =M38+M41 -> 0 | ... BE44: =BE38+BE41 -> 0
B45: Financial Actual | F45: =F39+F42 -> 0 | G45: =G39+G42 -> 0 | H45: =H39+H42 -> 0 | I45: =I39+I42 -> 0 | J45: =J39+J42 -> 0 | K45: =K39+K42 -> 0 | L45: =L39+L42 -> 0 | M45: =M39+M42 -> 0 | ... BE45: =BE39+BE42 -> 0
E46: To Date
B47: Current Financial Target | E47: =MAX(F47:BE47) -> 0 | F47: =IF($AZ$3>F24,F44,0) -> 0 | G47: =IF($AZ$3>G24,G44,0) -> 0 | H47: =IF($AZ$3>H24,H44,0) -> 0 | I47: =IF($AZ$3>I24,I44,0) -> 0 | J47: =IF($AZ$3>J24,J44,0) -> 0 | K47: =IF($AZ$3>K24,K44,0) -> 0 | L47: =IF($AZ$3>L24,L44,0) -> 0 | M47: =IF($AZ$3>M24,M44,0) -> 0 | ... BE47: =IF($AZ$3>BE24,BE44,0) -> 0
B48: Current Financial Actual | E48: =MAX(F48:BE48) -> 0 | F48: =IF($AZ$3>F25,F45,0) -> 0 | G48: =IF($AZ$3>G25,G45,0) -> 0 | H48: =IF($AZ$3>H25,H45,0) -> 0 | I48: =IF($AZ$3>I25,I45,0) -> 0 | J48: =IF($AZ$3>J25,J45,0) -> 0 | K48: =IF($AZ$3>K25,K45,0) -> 0 | L48: =IF($AZ$3>L25,L45,0) -> 0 | M48: =IF($AZ$3>M25,M45,0) -> 0 | ... BE48: =IF($AZ$3>BE25,BE45,0) -> 0

Sheet P2
B3: PROJECT | AG3: Strategic Value | AO3: =F8 | AV3: =IF(F7="",0,VLOOKUP(F7,Lookups!B12:H16,3)) -> 0 | AZ3: =NOW() -> 45957.658
AG4: Stage Multiplier (today) | AO4: =VLOOKUP(COUNTIF(AY10:BA21,"<="&AZ3),Table3357[],2) -> Not Def | AV4: =IF(AO4="Not Def",0,VLOOKUP(AO4,Lookups!L4:M8,2)) -> 0 | AZ4: Current Qtr | BC4: =VLOOKUP((YEAR(AZ3)&"-"&MONTH(AZ3)),Lookups!S3:U21,2) -> 2025-Q4
B5: Description (Use Case) | AG5: Stage Last Quarter | AO5: =VLOOKUP(COUNTIF(AY10:BA21,"<"&VLOOKUP(BC4,Lookups!W3:Y9,2)),Table3357[],2) -> Not Def | AQ5: =IF(AV5=1,"No Change","Progression") -> Progression | AV5: =IF(AO4="Not Def",0,IF(AO5=AO4,1,1.2)) -> 0
AG6: PROJECT SCORE | AV6: =AV3*AV4*AV5 -> 0
B7: Category | Y7: Ratio Impacted
B8: Strategic Value Level | F8: =IF(F7="","",VLOOKUP(F7,Lookups!B12:H16,2))
B9: Examples | F9: =IF(F7="","",VLOOKUP(F7,Lookups!B12:H16,4)) | AG9: Stage | AO9: Tasks | AV9: Target | AY9: Completed | BB9: Days to Target
AG10: Idea | AO10: Project Defined | BB10: =IF(AV10=$BK$3,"Missing Target",IF(AY10=$BK$3,IF($AZ$3>AV10,INT($AZ$3-AV10)&" Day(s) Overdue","Incomplete"),IF(AY10>AV10,INT(AY10-AV10)&" Day(s) Late",IF(AY10=AV10,"OK",INT(AV10-AY10)&" Day(s) Ahead")))) -> Missing Target
B11: PROJECT RESOURCES | F11: KEY PERFORMANCE INDICATORS / MEASURES OF SUCCESS | AO11: Business Case approved | BB11: =IF(AV11=$BK$3,"Missing Target",IF(AY11=$BK$3,IF($AZ$3>AV11,INT($AZ$3-AV11)&" Day(s) Overdue","Incomplete"),IF(AY11>AV11,INT(AY11-AV11)&" Day(s) Late",IF(AY11=AV11,"OK",INT(AV11-AY11)&" Day(s) Ahead")))) -> Missing Target
B12: AI Tools & Services | F12: =IF(F7="","",VLOOKUP(F7,Lookups!B12:H16,5)) | O12: =IF(F7="","",VLOOKUP(F7,Lookups!B12:H16,6)) | X12: =IF(F7="","",VLOOKUP(F7,Lookups!B12:H16,7)) | AO12: Resources Allocated | BB12: =IF(AV12=$BK$3,"Missing Target",IF(AY12=$BK$3,IF($AZ$3>AV12,INT($AZ$3-AV12)&" Day(s) Overdue","Incomplete"),IF(AY12>AV12,INT(AY12-AV12)&" Day(s) Late",IF(AY12=AV12,"OK",INT(AV12-AY12)&" Day(s) Ahead")))) -> Missing Target
F13: KPI | G13: Select the primary KPI (Jonas Library) | O13: KPI | P13: Select the primary KPI (Jonas Library) | X13: KPI | Y13: Select the primary KPI (Jonas Library) | AG13: Develop | AO13: Technical PoC validated | BB13: =IF(AV13=$BK$3,"Missing Target",IF(AY13=$BK$3,IF($AZ$3>AV13,INT($AZ$3-AV13)&" Day(s) Overdue","Incomplete"),IF(AY13>AV13,INT(AY13-AV13)&" Day(s) Late",IF(AY13=AV13,"OK",INT(AV13-AY13)&" Day(s) Ahead")))) -> Missing Target
F14: How does this Project support this KPI? | O14: How does this Project support this KPI? | X14: How does this Project support this KPI? | AO14: Dev roadmap documented | BB14: =IF(AV14=$BK$3,"Missing Target",IF(AY14=$BK$3,IF($AZ$3>AV14,INT($AZ$3-AV14)&" Day(s) Overdue","Incomplete"),IF(AY14>AV14,INT(AY14-AV14)&" Day(s) Late",IF(AY14=AV14,"OK",INT(AV14-AY14)&" Day(s) Ahead")))) -> Missing Target
AO15: Coding started | BB15: =IF(AV15=$A$1,"Missing Target",IF(AY15=$A$1,IF($AZ$3>AV15,INT($AZ$3-AV15)&" Day(s) Overdue","Incomplete"),IF(AY15>AV15,INT(AY15-AV15)&" Day(s) Late",IF(AY15=AV15,"OK",INT(AV15-AY15)&" Day(s) Ahead")))) -> Missing Target
AG16: Pilot | AO16: Deployment to beta | BB16: =IF(AV16=$A$1,"Missing Target",IF(AY16=$A$1,IF($AZ$3>AV16,INT($AZ$3-AV16)&" Day(s) Overdue","Incomplete"),IF(AY16>AV16,INT(AY16-AV16)&" Day(s) Late",IF(AY16=AV16,"OK",INT(AV16-AY16)&" Day(s) Ahead")))) -> Missing Target
B17: Contact | AO17: Initial metrics/feedback | BB17: =IF(AV17=$A$1,"Missing Target",IF(AY17=$A$1,IF($AZ$3>AV17,INT($AZ$3-AV17)&" Day(s) Overdue","Incomplete"),IF(AY17>AV17,INT(AY17-AV17)&" Day(s) Late",IF(AY17=AV17,"OK",INT(AV17-AY17)&" Day(s) Ahead")))) -> Missing Target
B18: Prod Mgr | F18: How will you measure the KPI? | O18: How will you measure the KPI? | X18: How will you measure the KPI? | AO18: Feedback affecting code | BB18: =IF(AV18=$A$1,"Missing Target",IF(AY18=$A$1,IF($AZ$3>AV18,INT($AZ$3-AV18)&" Day(s) Overdue","Incomplete"),IF(AY18>AV18,INT(AY18-AV18)&" Day(s) Late",IF(AY18=AV18,"OK",INT(AV18-AY18)&" Day(s) Ahead")))) -> Missing Target
B19: Analyst | AG19: Live | AO19: General release available | BB19: =IF(AV19=$A$1,"Missing Target",IF(AY19=$A$1,IF($AZ$3>AV19,INT($AZ$3-AV19)&" Day(s) Overdue","Incomplete"),IF(AY19>AV19,INT(AY19-AV19)&" Day(s) Late",IF(AY19=AV19,"OK",INT(AV19-AY19)&" Day(s) Ahead")))) -> Missing Target
B20: Tech Lead | AO20: Success mertics tracking | BB20: =IF(AV20=$A$1,"Missing Target",IF(AY20=$A$1,IF($AZ$3>AV20,INT($AZ$3-AV20)&" Day(s) Overdue","Incomplete"),IF(AY20>AV20,INT(AY20-AV20)&" Day(s) Late",IF(AY20=AV20,"OK",INT(AV20-AY20)&" Day(s) Ahead")))) -> Missing Target
B21: Exec | AO21: Feedback loop continuing | BB21: =IF(AV21=$A$1,"Missing Target",IF(AY21=$A$1,IF($AZ$3>AV21,INT($AZ$3-AV21)&" Day(s) Overdue","Incomplete"),IF(AY21>AV21,INT(AY21-AV21)&" Day(s) Late",IF(AY21=AV21,"OK",INT(AV21-AY21)&" Day(s) Ahead")))) -> Missing Target
B23: WEEKLY KPI TRACKER | F23: 1 | G23: =F23+1 -> 2 | H23: =G23+1 -> 3 | I23: =H23+1 -> 4 | J23: =I23+1 -> 5 | K23: =J23+1 -> 6 | L23: =K23+1 -> 7 | M23: =L23+1 -> 8 | N23: =M23+1 -> 9 | ... BE23: =BD23+1 -> 52
B24: Week Ending | F24: =NOW() -> 45957.658 | G24: =F24+7 -> 45964.658 | H24: =G24+7 -> 45971.658 | I24: =H24+7 -> 45978.658 | J24: =I24+7 -> 45985.658 | K24: =J24+7 -> 45992.658 | L24: =K24+7 -> 45999.658 | M24: =L24+7 -> 46006.658 | N24: =M24+7 -> 46013.658 | ... BE24: =BD24+7 -> 46314.658
B25: =G13&" TARGET" -> Select the primary KPI (Jonas Library) TARGET
B26: Actual
B27: Delta | F27: =F26-F25 -> 0 | G27: =G26-G25 -> 0 | H27: =H26-H25 -> 0 | I27: =I26-I25 -> 0 | J27: =J26-J25 -> 0 | K27: =K26-K25 -> 0 | L27: =L26-L25 -> 0 | M27: =M26-M25 -> 0 | ... BE27: =BE26-BE25 -> 0
B29: =P13&" TARGET" -> Select the primary KPI (Jonas Library) TARGET
B30: Actual
B31: Delta | F31: =F30-F29 -> 0 | G31: =G30-G29 -> 0 | H31: =H30-H29 -> 0 | I31: =I30-I29 -> 0 | J31: =J30-J29 -> 0 | K31: =K30-K29 -> 0 | L31: =L30-L29 -> 0 | M31: =M30-M29 -> 0 | ... BE31: =BE30-BE29 -> 0
B33: =Y13&" TARGET" -> Select the primary KPI (Jonas Library) TARGET
B34: Actual
B35: Delta | F35: =F34-F33 -> 0 | G35: =G34-G33 -> 0 | H35: =H34-H33 -> 0 | I35: =I34-I33 -> 0 | J35: =J34-J33 -> 0 | K35: =K34-K33 -> 0 | L35: =L34-L33 -> 0 | M35: =M34-M33 -> 0 | ... BE35: =BE34-BE33 -> 0
B38: Revenue Target | F38: =IF($X$12="Revenue Impact",F33,0) -> 0 | G38: =IF($X$12="Revenue Impact",G33,0) -> 0 | H38: =IF($X$12="Revenue Impact",H33,0) -> 0 | I38: =IF($X$12="Revenue Impact",I33,0) -> 0 | J38: =IF($X$12="Revenue Impact",J33,0) -> 0 | K38: =IF($X$12="Revenue Impact",K33,0) -> 0 | L38: =IF($X$12="Revenue Impact",L33,0) -> 0 | M38: =IF($X$12="Revenue Impact",M33,0) -> 0 | ... BE38: =IF($X$12="Revenue Impact",BE33,0) -> 0
B39: Revenue Actual | F39: =IF($X$12="Revenue Impact",F34,0) -> 0 | G39: =IF($X$12="Revenue Impact",G34,0) -> 0 | H39: =IF($X$12="Revenue Impact",H34,0) -> 0 | I39: =IF($X$12="Revenue Impact",I34,0) -> 0 | J39: =IF($X$12="Revenue Impact",J34,0) -> 0 | K39: =IF($X$12="Revenue Impact",K34,0) -> 0 | L39: =IF($X$12="Revenue Impact",L34,0) -> 0 | M39: =IF($X$12="Revenue Impact",M34,0) -> 0 | ... BE39: =IF($X$12="Revenue Impact",BE34,0) -> 0
B41: Cost Target | F41: =IF($X$12="Cost Savings",F33,0) -> 0 | G41: =IF($X$12="Cost Savings",G33,0) -> 0 | H41: =IF($X$12="Cost Savings",H33,0) -> 0 | I41: =IF($X$12="Cost Savings",I33,0) -> 0 | J41: =IF($X$12="Cost Savings",J33,0) -> 0 | K41: =IF($X$12="Cost Savings",K33,0) -> 0 | L41: =IF($X$12="Cost Savings",L33,0) -> 0 | M41: =IF($X$12="Cost Savings",M33,0) -> 0 | ... BE41: =IF($X$12="Cost Savings",BE33,0) -> 0
B42: Cost Actual | F42: =IF($X$12="Cost Savings",F34,0) -> 0 | G42: =IF($X$12="Cost Savings",G34,0) -> 0 | H42: =IF($X$12="Cost Savings",H34,0) -> 0 | I42: =IF($X$12="Cost Savings",I34,0) -> 0 | J42: =IF($X$12="Cost Savings",J34,0) -> 0 | K42: =IF($X$12="Cost Savings",K34,0) -> 0 | L42: =IF($X$12="Cost Savings",L34,0) -> 0 | M42: =IF($X$12="Cost Savings",M34,0) -> 0 | ... BE42: =IF($X$12="Cost Savings",BE34,0) -> 0
B44: Financial Target | F44: =F38+F41 -> 0 | G44: =G38+G41 -> 0 | H44: =H38+H41 -> 0 | I44: =I38+I41 -> 0 | J44: =J38+J41 -> 0 | K44: =K38+K41 -> 0 | L44: =L38+L41 -> 0 | M44: =M38+M41 -> 0 | ... BE44: =BE38+BE41 -> 0
B45: Financial Actual | F45: =F39+F42 -> 0 | G45: =G39+G42 -> 0 | H45: =H39+H42 -> 0 | I45: =I39+I42 -> 0 | J45: =J39+J42 -> 0 | K45: =K39+K42 -> 0 | L45: =L39+L42 -> 0 | M45: =M39+M42 -> 0 | ... BE45: =BE39+BE42 -> 0
E46: To Date
B47: Current Financial Target | E47: =MAX(F47:BE47) -> 0 | F47: =IF($AZ$3>F24,F44,0) -> 0 | G47: =IF($AZ$3>G24,G44,0) -> 0 | H47: =IF($AZ$3>H24,H44,0) -> 0 | I47: =IF($AZ$3>I24,I44,0) -> 0 | J47: =IF($AZ$3>J24,J44,0) -> 0 | K47: =IF($AZ$3>K24,K44,0) -> 0 | L47: =IF($AZ$3>L24,L44,0) -> 0 | M47: =IF($AZ$3>M24,M44,0) -> 0 | ... BE47: =IF($AZ$3>BE24,BE44,0) -> 0
B48: Current Financial Actual | E48: =MAX(F48:BE48) -> 0 | F48: =IF($AZ$3>F25,F45,0) -> 0 | G48: =IF($AZ$3>G25,G45,0) -> 0 | H48: =IF($AZ$3>H25,H45,0) -> 0 | I48: =IF($AZ$3>I25,I45,0) -> 0 | J48: =IF($AZ$3>J25,J45,0) -> 0 | K48: =IF($AZ$3>K25,K45,0) -> 0 | L48: =IF($AZ$3>L25,L45,0) -> 0 | M48: =IF($AZ$3>M25,M45,0) -> 0 | ... BE48: =IF($AZ$3>BE25,BE45,0) -> 0

Sheet P3
B3: PROJECT | AG3: Strategic Value | AO3: =F8 | AV3: =IF(F7="",0,VLOOKUP(F7,Lookups!B12:H16,3)) -> 0 | AZ3: =NOW() -> 45957.658
AG4: Stage Multiplier (today) | AO4: =VLOOKUP(COUNTIF(AY10:BA21,"<="&AZ3),Table3357[],2) -> Not Def | AV4: =IF(AO4="Not Def",0,VLOOKUP(AO4,Lookups!L4:M8,2)) -> 0 | AZ4: Current Qtr | BC4: =VLOOKUP((YEAR(AZ3)&"-"&MONTH(AZ3)),Lookups!S3:U21,2) -> 2025-Q4
B5: Description (Use Case) | AG5: Stage Last Quarter | AO5: =VLOOKUP(COUNTIF(AY10:BA21,"<"&VLOOKUP(BC4,Lookups!W3:Y9,2)),Table3357[],2) -> Not Def | AQ5: =IF(AV5=1,"No Change","Progression") -> Progression | AV5: =IF(AO4="Not Def",0,IF(AO5=AO4,1,1.2)) -> 0
AG6: PROJECT SCORE | AV6: =AV3*AV4*AV5 -> 0
B7: Category | Y7: Ratio Impacted
B8: Strategic Value Level | F8: =IF(F7="","",VLOOKUP(F7,Lookups!B12:H16,2))
B9: Examples | F9: =IF(F7="","",VLOOKUP(F7,Lookups!B12:H16,4)) | AG9: Stage | AO9: Tasks | AV9: Target | AY9: Completed | BB9: Days to Target
AG10: Idea | AO10: Project Defined | BB10: =IF(AV10=$BK$3,"Missing Target",IF(AY10=$BK$3,IF($AZ$3>AV10,INT($AZ$3-AV10)&" Day(s) Overdue","Incomplete"),IF(AY10>AV10,INT(AY10-AV10)&" Day(s) Late",IF(AY10=AV10,"OK",INT(AV10-AY10)&" Day(s) Ahead")))) -> Missing Target
B11: PROJECT RESOURCES | F11: KEY PERFORMANCE INDICATORS / MEASURES OF SUCCESS | AO11: Business Case approved | BB11: =IF(AV11=$BK$3,"Missing Target",IF(AY11=$BK$3,IF($AZ$3>AV11,INT($AZ$3-AV11)&" Day(s) Overdue","Incomplete"),IF(AY11>AV11,INT(AY11-AV11)&" Day(s) Late",IF(AY11=AV11,"OK",INT(AV11-AY11)&" Day(s) Ahead")))) -> Missing Target
B12: AI Tools & Services | F12: =IF(F7="","",VLOOKUP(F7,Lookups!B12:H16,5)) | O12: =IF(F7="","",VLOOKUP(F7,Lookups!B12:H16,6)) | X12: =IF(F7="","",VLOOKUP(F7,Lookups!B12:H16,7)) | AO12: Resources Allocated | BB12: =IF(AV12=$BK$3,"Missing Target",IF(AY12=$BK$3,IF($AZ$3>AV12,INT($AZ$3-AV12)&" Day(s) Overdue","Incomplete"),IF(AY12>AV12,INT(AY12-AV12)&" Day(s) Late",IF(AY12=AV12,"OK",INT(AV12-AY12)&" Day(s) Ahead")))) -> Missing Target
F13: KPI | G13: Select the primary KPI (Jonas Library) | O13: KPI | P13: Select the primary KPI (Jonas Library) | X13: KPI | Y13: Select the primary KPI (Jonas Library) | AG13: Develop | AO13: Technical PoC validated | BB13: =IF(AV13=$BK$3,"Missing Target",IF(AY13=$BK$3,IF($AZ$3>AV13,INT($AZ$3-AV13)&" Day(s) Overdue","Incomplete"),IF(AY13>AV13,INT(AY13-AV13)&" Day(s) Late",IF(AY13=AV13,"OK",INT(AV13-AY13)&" Day(s) Ahead")))) -> Missing Target
F14: How does this Project support this KPI? | O14: How does this Project support this KPI? | X14: How does this Project support this KPI? | AO14: Dev roadmap documented | BB14: =IF(AV14=$BK$3,"Missing Target",IF(AY14=$BK$3,IF($AZ$3>AV14,INT($AZ$3-AV14)&" Day(s) Overdue","Incomplete"),IF(AY14>AV14,INT(AY14-AV14)&" Day(s) Late",IF(AY14=AV14,"OK",INT(AV14-AY14)&" Day(s) Ahead")))) -> Missing Target
AO15: Coding started | BB15: =IF(AV15=$A$1,"Missing Target",IF(AY15=$A$1,IF($AZ$3>AV15,INT($AZ$3-AV15)&" Day(s) Overdue","Incomplete"),IF(AY15>AV15,INT(AY15-AV15)&" Day(s) Late",IF(AY15=AV15,"OK",INT(AV15-AY15)&" Day(s) Ahead")))) -> Missing Target
AG16: Pilot | AO16: Deployment to beta | BB16: =IF(AV16=$A$1,"Missing Target",IF(AY16=$A$1,IF($AZ$3>AV16,INT($AZ$3-AV16)&" Day(s) Overdue","Incomplete"),IF(AY16>AV16,INT(AY16-AV16)&" Day(s) Late",IF(AY16=AV16,"OK",INT(AV16-AY16)&" Day(s) Ahead")))) -> Missing Target
B17: Contact | AO17: Initial metrics/feedback | BB17: =IF(AV17=$A$1,"Missing Target",IF(AY17=$A$1,IF($AZ$3>AV17,INT($AZ$3-AV17)&" Day(s) Overdue","Incomplete"),IF(AY17>AV17,INT(AY17-AV17)&" Day(s) Late",IF(AY17=AV17,"OK",INT(AV17-AY17)&" Day(s) Ahead")))) -> Missing Target
B18: Prod Mgr | F18: How will you measure the KPI? | O18: How will you measure the KPI? | X18: How will you measure the KPI? | AO18: Feedback affecting code | BB18: =IF(AV18=$A$1,"Missing Target",IF(AY18=$A$1,IF($AZ$3>AV18,INT($AZ$3-AV18)&" Day(s) Overdue","Incomplete"),IF(AY18>AV18,INT(AY18-AV18)&" Day(s) Late",IF(AY18=AV18,"OK",INT(AV18-AY18)&" Day(s) Ahead")))) -> Missing Target
B19: Analyst | AG19: Live | AO19: General release available | BB19: =IF(AV19=$A$1,"Missing Target",IF(AY19=$A$1,IF($AZ$3>AV19,INT($AZ$3-AV19)&" Day(s) Overdue","Incomplete"),IF(AY19>AV19,INT(AY19-AV19)&" Day(s) Late",IF(AY19=AV19,"OK",INT(AV19-AY19)&" Day(s) Ahead")))) -> Missing Target
B20: Tech Lead | AO20: Success mertics tracking | BB20: =IF(AV20=$A$1,"Missing Target",IF(AY20=$A$1,IF($AZ$3>AV20,INT($AZ$3-AV20)&" Day(s) Overdue","Incomplete"),IF(AY20>AV20,INT(AY20-AV20)&" Day(s) Late",IF(AY20=AV20,"OK",INT(AV20-AY20)&" Day(s) Ahead")))) -> Missing Target
B21: Exec | AO21: Feedback loop continuing | BB21: =IF(AV21=$A$1,"Missing Target",IF(AY21=$A$1,IF($AZ$3>AV21,INT($AZ$3-AV21)&" Day(s) Overdue","Incomplete"),IF(AY21>AV21,INT(AY21-AV21)&" Day(s) Late",IF(AY21=AV21,"OK",INT(AV21-AY21)&" Day(s) Ahead")))) -> Missing Target
B23: WEEKLY KPI TRACKER | F23: 1 | G23: =F23+1 -> 2 | H23: =G23+1 -> 3 | I23: =H23+1 -> 4 | J23: =I23+1 -> 5 | K23: =J23+1 -> 6 | L23: =K23+1 -> 7 | M23: =L23+1 -> 8 | N23: =M23+1 -> 9 | ... BE23: =BD23+1 -> 52
B24: Week Ending | F24: =NOW() -> 45957.658 | G24: =F24+7 -> 45964.658 | H24: =G24+7 -> 45971.658 | I24: =H24+7 -> 45978.658 | J24: =I24+7 -> 45985.658 | K24: =J24+7 -> 45992.658 | L24: =K24+7 -> 45999.658 | M24: =L24+7 -> 46006.658 | N24: =M24+7 -> 46013.658 | ... BE24: =BD24+7 -> 46314.658
B25: =G13&" TARGET" -> Select the primary KPI (Jonas Library) TARGET
B26: Actual
B27: Delta | F27: =F26-F25 -> 0 | G27: =G26-G25 -> 0 | H27: =H26-H25 -> 0 | I27: =I26-I25 -> 0 | J27: =J26-J25 -> 0 | K27: =K26-K25 -> 0 | L27: =L26-L25 -> 0 | M27: =M26-M25 -> 0 | ... BE27: =BE26-BE25 -> 0
B29: =P13&" TARGET" -> Select the primary KPI (Jonas Library) TARGET
B30: Actual
B31: Delta | F31: =F30-F29 -> 0 | G31: =G30-G29 -> 0 | H31: =H30-H29 -> 0 | I31: =I30-I29 -> 0 | J31: =J30-J29 -> 0 | K31: =K30-K29 -> 0 | L31: =L30-L29 -> 0 | M31: =M30-M29 -> 0 | ... BE31: =BE30-BE29 -> 0
B33: =Y13&" TARGET" -> Select the primary KPI (Jonas Library) TARGET
B34: Actual
B35: Delta | F35: =F34-F33 -> 0 | G35: =G34-G33 -> 0 | H35: =H34-H33 -> 0 | I35: =I34-I33 -> 0 | J35: =J34-J33 -> 0 | K35: =K34-K33 -> 0 | L35: =L34-L33 -> 0 | M35: =M34-M33 -> 0 | ... BE35: =BE34-BE33 -> 0
B38: Revenue Target | F38: =IF($X$12="Revenue Impact",F33,0) -> 0 | G38: =IF($X$12="Revenue Impact",G33,0) -> 0 | H38: =IF($X$12="Revenue Impact",H33,0) -> 0 | I38: =IF($X$12="Revenue Impact",I33,0) -> 0 | J38: =IF($X$12="Revenue Impact",J33,0) -> 0 | K38: =IF($X$12="Revenue Impact",K33,0) -> 0 | L38: =IF($X$12="Revenue Impact",L33,0) -> 0 | M38: =IF($X$12="Revenue Impact",M33,0) -> 0 | ... BE38: =IF($X$12="Revenue Impact",BE33,0) -> 0
B39: Revenue Actual | F39: =IF($X$12="Revenue Impact",F34,0) -> 0 | G39: =IF($X$12="Revenue Impact",G34,0) -> 0 | H39: =IF($X$12="Revenue Impact",H34,0) -> 0 | I39: =IF($X$12="Revenue Impact",I34,0) -> 0 | J39: =IF($X$12="Revenue Impact",J34,0) -> 0 | K39: =IF($X$12="Revenue Impact",K34,0) -> 0 | L39: =IF($X$12="Revenue Impact",L34,0) -> 0 | M39: =IF($X$12="Revenue Impact",M34,0) -> 0 | ... BE39: =IF($X$12="Revenue Impact",BE34,0) -> 0
B41: Cost Target | F41: =IF($X$12="Cost Savings",F33,0) -> 0 | G41: =IF($X$12="Cost Savings",G33,0) -> 0 | H41: =IF($X$12="Cost Savings",H33,0) -> 0 | I41: =IF($X$12="Cost Savings",I33,0) -> 0 | J41: =IF($X$12="Cost Savings",J33,0) -> 0 | K41: =IF($X$12="Cost Savings",K33,0) -> 0 | L41: =IF($X$12="Cost Savings",L33,0) -> 0 | M41: =IF($X$12="Cost Savings",M33,0) -> 0 | ... BE41: =IF($X$12="Cost Savings",BE33,0) -> 0
B42: Cost Actual | F42: =IF($X$12="Cost Savings",F34,0) -> 0 | G42: =IF($X$12="Cost Savings",G34,0) -> 0 | H42: =IF($X$12="Cost Savings",H34,0) -> 0 | I42: =IF($X$12="Cost Savings",I34,0) -> 0 | J42: =IF($X$12="Cost Savings",J34,0) -> 0 | K42: =IF($X$12="Cost Savings",K34,0) -> 0 | L42: =IF($X$12="Cost Savings",L34,0) -> 0 | M42: =IF($X$12="Cost Savings",M34,0) -> 0 | ... BE42: =IF($X$12="Cost Savings",BE34,0) -> 0
B44: Financial Target | F44: =F38+F41 -> 0 | G44: =G38+G41 -> 0 | H44: =H38+H41 -> 0 | I44: =I38+I41 -> 0 | J44: =J38+J41 -> 0 | K44: =K38+K41 -> 0 | L44: =L38+L41 -> 0 | M44: =M38+M41 -> 0 | ... BE44: =BE38+BE41 -> 0
B45: Financial Actual | F45: =F39+F42 -> 0 | G45: =G39+G42 -> 0 | H45: =H39+H42 -> 0 | I45: =I39+I42 -> 0 | J45: =J39+J42 -> 0 | K45: =K39+K42 -> 0 | L45: =L39+L42 -> 0 | M45: =M39+M42 -> 0 | ... BE45: =BE39+BE42 -> 0
E46: To Date
B47: Current Financial Target | E47: =MAX(F47:BE47) -> 0 | F47: =IF($AZ$3>F24,F44,0) -> 0 | G47: =IF($AZ$3>G24,G44,0) -> 0 | H47: =IF($AZ$3>H24,H44,0) -> 0 | I47: =IF($AZ$3>I24,I44,0) -> 0 | J47: =IF($AZ$3>J24,J44,0) -> 0 | K47: =IF($AZ$3>K24,K44,0) -> 0 | L47: =IF($AZ$3>L24,L44,0) -> 0 | M47: =IF($AZ$3>M24,M44,0) -> 0 | ... BE47: =IF($AZ$3>BE24,BE44,0) -> 0
B48: Current Financial Actual | E48: =MAX(F48:BE48) -> 0 | F48: =IF($AZ$3>F25,F45,0) -> 0 | G48: =IF($AZ$3>G25,G45,0) -> 0 | H48: =IF($AZ$3>H25,H45,0) -> 0 | I48: =IF($AZ$3>I25,I45,0) -> 0 | J48: =IF($AZ$3>J25,J45,0) -> 0 | K48: =IF($AZ$3>K25,K45,0) -> 0 | L48: =IF($AZ$3>L25,L45,0) -> 0 | M48: =IF($AZ$3>M25,M45,0) -> 0 | ... BE48: =IF($AZ$3>BE25,BE45,0) -> 0

Sheet P4
B3: PROJECT | AG3: Strategic Value | AO3: =F8 | AV3: =IF(F7="",0,VLOOKUP(F7,Lookups!B12:H16,3)) -> 0 | AZ3: =NOW() -> 45957.658
AG4: Stage Multiplier (today) | AO4: =VLOOKUP(COUNTIF(AY10:BA21,"<="&AZ3),Table3357[],2) -> Not Def | AV4: =IF(AO4="Not Def",0,VLOOKUP(AO4,Lookups!L4:M8,2)) -> 0 | AZ4: Current Qtr | BC4: =VLOOKUP((YEAR(AZ3)&"-"&MONTH(AZ3)),Lookups!S3:U21,2) -> 2025-Q4
B5: Description (Use Case) | AG5: Stage Last Quarter | AO5: =VLOOKUP(COUNTIF(AY10:BA21,"<"&VLOOKUP(BC4,Lookups!W3:Y9,2)),Table3357[],2) -> Not Def | AQ5: =IF(AV5=1,"No Change","Progression") -> Progression | AV5: =IF(AO4="Not Def",0,IF(AO5=AO4,1,1.2)) -> 0
AG6: PROJECT SCORE | AV6: =AV3*AV4*AV5 -> 0
B7: Category | Y7: Ratio Impacted
B8: Strategic Value Level | F8: =IF(F7="","",VLOOKUP(F7,Lookups!B12:H16,2))
B9: Examples | F9: =IF(F7="","",VLOOKUP(F7,Lookups!B12:H16,4)) | AG9: Stage | AO9: Tasks | AV9: Target | AY9: Completed | BB9: Days to Target
AG10: Idea | AO10: Project Defined | BB10: =IF(AV10=$BK$3,"Missing Target",IF(AY10=$BK$3,IF($AZ$3>AV10,INT($AZ$3-AV10)&" Day(s) Overdue","Incomplete"),IF(AY10>AV10,INT(AY10-AV10)&" Day(s) Late",IF(AY10=AV10,"OK",INT(AV10-AY10)&" Day(s) Ahead")))) -> Missing Target
B11: PROJECT RESOURCES | F11: KEY PERFORMANCE INDICATORS / MEASURES OF SUCCESS | AO11: Business Case approved | BB11: =IF(AV11=$BK$3,"Missing Target",IF(AY11=$BK$3,IF($AZ$3>AV11,INT($AZ$3-AV11)&" Day(s) Overdue","Incomplete"),IF(AY11>AV11,INT(AY11-AV11)&" Day(s) Late",IF(AY11=AV11,"OK",INT(AV11-AY11)&" Day(s) Ahead")))) -> Missing Target
B12: AI Tools & Services | F12: =IF(F7="","",VLOOKUP(F7,Lookups!B12:H16,5)) | O12: =IF(F7="","",VLOOKUP(F7,Lookups!B12:H16,6)) | X12: =IF(F7="","",VLOOKUP(F7,Lookups!B12:H16,7)) | AO12: Resources Allocated | BB12: =IF(AV12=$BK$3,"Missing Target",IF(AY12=$BK$3,IF($AZ$3>AV12,INT($AZ$3-AV12)&" Day(s) Overdue","Incomplete"),IF(AY12>AV12,INT(AY12-AV12)&" Day(s) Late",IF(AY12=AV12,"OK",INT(AV12-AY12)&" Day(s) Ahead")))) -> Missing Target
F13: KPI | G13: Select the primary KPI (Jonas Library) | O13: KPI | P13: Select the primary KPI (Jonas Library) | X13: KPI | Y13: Select the primary KPI (Jonas Library) | AG13: Develop | AO13: Technical PoC validated | BB13: =IF(AV13=$BK$3,"Missing Target",IF(AY13=$BK$3,IF($AZ$3>AV13,INT($AZ$3-AV13)&" Day(s) Overdue","Incomplete"),IF(AY13>AV13,INT(AY13-AV13)&" Day(s) Late",IF(AY13=AV13,"OK",INT(AV13-AY13)&" Day(s) Ahead")))) -> Missing Target
F14: How does this Project support this KPI? | O14: How does this Project support this KPI? | X14: How does this Project support this KPI? | AO14: Dev roadmap documented | BB14: =IF(AV14=$BK$3,"Missing Target",IF(AY14=$BK$3,IF($AZ$3>AV14,INT($AZ$3-AV14)&" Day(s) Overdue","Incomplete"),IF(AY14>AV14,INT(AY14-AV14)&" Day(s) Late",IF(AY14=AV14,"OK",INT(AV14-AY14)&" Day(s) Ahead")))) -> Missing Target
AO15: Coding started | BB15: =IF(AV15=$A$1,"Missing Target",IF(AY15=$A$1,IF($AZ$3>AV15,INT($AZ$3-AV15)&" Day(s) Overdue","Incomplete"),IF(AY15>AV15,INT(AY15-AV15)&" Day(s) Late",IF(AY15=AV15,"OK",INT(AV15-AY15)&" Day(s) Ahead")))) -> Missing Target
AG16: Pilot | AO16: Deployment to beta | BB16: =IF(AV16=$A$1,"Missing Target",IF(AY16=$A$1,IF($AZ$3>AV16,INT($AZ$3-AV16)&" Day(s) Overdue","Incomplete"),IF(AY16>AV16,INT(AY16-AV16)&" Day(s) Late",IF(AY16=AV16,"OK",INT(AV16-AY16)&" Day(s) Ahead")))) -> Missing Target
B17: Contact | AO17: Initial metrics/feedback | BB17: =IF(AV17=$A$1,"Missing Target",IF(AY17=$A$1,IF($AZ$3>AV17,INT($AZ$3-AV17)&" Day(s) Overdue","Incomplete"),IF(AY17>AV17,INT(AY17-AV17)&" Day(s) Late",IF(AY17=AV17,"OK",INT(AV17-AY17)&" Day(s) Ahead")))) -> Missing Target
B18: Prod Mgr | F18: How will you measure the KPI? | O18: How will you measure the KPI? | X18: How will you measure the KPI? | AO18: Feedback affecting code | BB18: =IF(AV18=$A$1,"Missing Target",IF(AY18=$A$1,IF($AZ$3>AV18,INT($AZ$3-AV18)&" Day(s) Overdue","Incomplete"),IF(AY18>AV18,INT(AY18-AV18)&" Day(s) Late",IF(AY18=AV18,"OK",INT(AV18-AY18)&" Day(s) Ahead")))) -> Missing Target
B19: Analyst | AG19: Live | AO19: General release available | BB19: =IF(AV19=$A$1,"Missing Target",IF(AY19=$A$1,IF($AZ$3>AV19,INT($AZ$3-AV19)&" Day(s) Overdue","Incomplete"),IF(AY19>AV19,INT(AY19-AV19)&" Day(s) Late",IF(AY19=AV19,"OK",INT(AV19-AY19)&" Day(s) Ahead")))) -> Missing Target
B20: Tech Lead | AO20: Success mertics tracking | BB20: =IF(AV20=$A$1,"Missing Target",IF(AY20=$A$1,IF($AZ$3>AV20,INT($AZ$3-AV20)&" Day(s) Overdue","Incomplete"),IF(AY20>AV20,INT(AY20-AV20)&" Day(s) Late",IF(AY20=AV20,"OK",INT(AV20-AY20)&" Day(s) Ahead")))) -> Missing Target
B21: Exec | AO21: Feedback loop continuing | BB21: =IF(AV21=$A$1,"Missing Target",IF(AY21=$A$1,IF($AZ$3>AV21,INT($AZ$3-AV21)&" Day(s) Overdue","Incomplete"),IF(AY21>AV21,INT(AY21-AV21)&" Day(s) Late",IF(AY21=AV21,"OK",INT(AV21-AY21)&" Day(s) Ahead")))) -> Missing Target
B23: WEEKLY KPI TRACKER | F23: 1 | G23: =F23+1 -> 2 | H23: =G23+1 -> 3 | I23: =H23+1 -> 4 | J23: =I23+1 -> 5 | K23: =J23+1 -> 6 | L23: =K23+1 -> 7 | M23: =L23+1 -> 8 | N23: =M23+1 -> 9 | ... BE23: =BD23+1 -> 52
B24: Week Ending | F24: =NOW() -> 45957.658 | G24: =F24+7 -> 45964.658 | H24: =G24+7 -> 45971.658 | I24: =H24+7 -> 45978.658 | J24: =I24+7 -> 45985.658 | K24: =J24+7 -> 45992.658 | L24: =K24+7 -> 45999.658 | M24: =L24+7 -> 46006.658 | N24: =M24+7 -> 46013.658 | ... BE24: =BD24+7 -> 46314.658
B25: =G13&" TARGET" -> Select the primary KPI (Jonas Library) TARGET
B26: Actual
B27: Delta | F27: =F26-F25 -> 0 | G27: =G26-G25 -> 0 | H27: =H26-H25 -> 0 | I27: =I26-I25 -> 0 | J27: =J26-J25 -> 0 | K27: =K26-K25 -> 0 | L27: =L26-L25 -> 0 | M27: =M26-M25 -> 0 | ... BE27: =BE26-BE25 -> 0
B29: =P13&" TARGET" -> Select the primary KPI (Jonas Library) TARGET
B30: Actual
B31: Delta | F31: =F30-F29 -> 0 | G31: =G30-G29 -> 0 | H31: =H30-H29 -> 0 | I31: =I30-I29 -> 0 | J31: =J30-J29 -> 0 | K31: =K30-K29 -> 0 | L31: =L30-L29 -> 0 | M31: =M30-M29 -> 0 | ... BE31: =BE30-BE29 -> 0
B33: =Y13&" TARGET" -> Select the primary KPI (Jonas Library) TARGET
B34: Actual
B35: Delta | F35: =F34-F33 -> 0 | G35: =G34-G33 -> 0 | H35: =H34-H33 -> 0 | I35: =I34-I33 -> 0 | J35: =J34-J33 -> 0 | K35: =K34-K33 -> 0 | L35: =L34-L33 -> 0 | M35: =M34-M33 -> 0 | ... BE35: =BE34-BE33 -> 0
B38: Revenue Target | F38: =IF($X$12="Revenue Impact",F33,0) -> 0 | G38: =IF($X$12="Revenue Impact",G33,0) -> 0 | H38: =IF($X$12="Revenue Impact",H33,0) -> 0 | I38: =IF($X$12="Revenue Impact",I33,0) -> 0 | J38: =IF($X$12="Revenue Impact",J33,0) -> 0 | K38: =IF($X$12="Revenue Impact",K33,0) -> 0 | L38: =IF($X$12="Revenue Impact",L33,0) -> 0 | M38: =IF($X$12="Revenue Impact",M33,0) -> 0 | ... BE38: =IF($X$12="Revenue Impact",BE33,0) -> 0
B39: Revenue Actual | F39: =IF($X$12="Revenue Impact",F34,0) -> 0 | G39: =IF($X$12="Revenue Impact",G34,0) -> 0 | H39: =IF($X$12="Revenue Impact",H34,0) -> 0 | I39: =IF($X$12="Revenue Impact",I34,0) -> 0 | J39: =IF($X$12="Revenue Impact",J34,0) -> 0 | K39: =IF($X$12="Revenue Impact",K34,0) -> 0 | L39: =IF($X$12="Revenue Impact",L34,0) -> 0 | M39: =IF($X$12="Revenue Impact",M34,0) -> 0 | ... BE39: =IF($X$12="Revenue Impact",BE34,0) -> 0
B41: Cost Target | F41: =IF($X$12="Cost Savings",F33,0) -> 0 | G41: =IF($X$12="Cost Savings",G33,0) -> 0 | H41: =IF($X$12="Cost Savings",H33,0) -> 0 | I41: =IF($X$12="Cost Savings",I33,0) -> 0 | J41: =IF($X$12="Cost Savings",J33,0) -> 0 | K41: =IF($X$12="Cost Savings",K33,0) -> 0 | L41: =IF($X$12="Cost Savings",L33,0) -> 0 | M41: =IF($X$12="Cost Savings",M33,0) -> 0 | ... BE41: =IF($X$12="Cost Savings",BE33,0) -> 0
B42: Cost Actual | F42: =IF($X$12="Cost Savings",F34,0) -> 0 | G42: =IF($X$12="Cost Savings",G34,0) -> 0 | H42: =IF($X$12="Cost Savings",H34,0) -> 0 | I42: =IF($X$12="Cost Savings",I34,0) -> 0 | J42: =IF($X$12="Cost Savings",J34,0) -> 0 | K42: =IF($X$12="Cost Savings",K34,0) -> 0 | L42: =IF($X$12="Cost Savings",L34,0) -> 0 | M42: =IF($X$12="Cost Savings",M34,0) -> 0 | ... BE42: =IF($X$12="Cost Savings",BE34,0) -> 0
B44: Financial Target | F44: =F38+F41 -> 0 | G44: =G38+G41 -> 0 | H44: =H38+H41 -> 0 | I44: =I38+I41 -> 0 | J44: =J38+J41 -> 0 | K44: =K38+K41 -> 0 | L44: =L38+L41 -> 0 | M44: =M38+M41 -> 0 | ... BE44: =BE38+BE41 -> 0
B45: Financial Actual | F45: =F39+F42 -> 0 | G45: =G39+G42 -> 0 | H45: =H39+H42 -> 0 | I45: =I39+I42 -> 0 | J45: =J39+J42 -> 0 | K45: =K39+K42 -> 0 | L45: =L39+L42 -> 0 | M45: =M39+M42 -> 0 | ... BE45: =BE39+BE42 -> 0
E46: To Date
B47: Current Financial Target | E47: =MAX(F47:BE47) -> 0 | F47: =IF($AZ$3>F24,F44,0) -> 0 | G47: =IF($AZ$3>G24,G44,0) -> 0 | H47: =IF($AZ$3>H24,H44,0) -> 0 | I47: =IF($AZ$3>I24,I44,0) -> 0 | J47: =IF($AZ$3>J24,J44,0) -> 0 | K47: =IF($AZ$3>K24,K44,0) -> 0 | L47: =IF($AZ$3>L24,L44,0) -> 0 | M47: =IF($AZ$3>M24,M44,0) -> 0 | ... BE47: =IF($AZ$3>BE24,BE44,0) -> 0
B48: Current Financial Actual | E48: =MAX(F48:BE48) -> 0 | F48: =IF($AZ$3>F25,F45,0) -> 0 | G48: =IF($AZ$3>G25,G45,0) -> 0 | H48: =IF($AZ$3>H25,H45,0) -> 0 | I48: =IF($AZ$3>I25,I45,0) -> 0 | J48: =IF($AZ$3>J25,J45,0) -> 0 | K48: =IF($AZ$3>K25,K45,0) -> 0 | L48: =IF($AZ$3>L25,L45,0) -> 0 | M48: =IF($AZ$3>M25,M45,0) -> 0 | ... BE48: =IF($AZ$3>BE25,BE45,0) -> 0

Sheet P5
B3: PROJECT | AG3: Strategic Value | AO3: =F8 | AV3: =IF(F7="",0,VLOOKUP(F7,Lookups!B12:H16,3)) -> 0 | AZ3: =NOW() -> 45957.658
AG4: Stage Multiplier (today) | AO4: =VLOOKUP(COUNTIF(AY10:BA21,"<="&AZ3),Table3357[],2) -> Not Def | AV4: =IF(AO4="Not Def",0,VLOOKUP(AO4,Lookups!L4:M8,2)) -> 0 | AZ4: Current Qtr | BC4: =VLOOKUP((YEAR(AZ3)&"-"&MONTH(AZ3)),Lookups!S3:U21,2) -> 2025-Q4
B5: Description (Use Case) | AG5: Stage Last Quarter | AO5: =VLOOKUP(COUNTIF(AY10:BA21,"<"&VLOOKUP(BC4,Lookups!W3:Y9,2)),Table3357[],2) -> Not Def | AQ5: =IF(AV5=1,"No Change","Progression") -> Progression | AV5: =IF(AO4="Not Def",0,IF(AO5=AO4,1,1.2)) -> 0
AG6: PROJECT SCORE | AV6: =AV3*AV4*AV5 -> 0
B7: Category | Y7: Ratio Impacted
B8: Strategic Value Level | F8: =IF(F7="","",VLOOKUP(F7,Lookups!B12:H16,2))
B9: Examples | F9: =IF(F7="","",VLOOKUP(F7,Lookups!B12:H16,4)) | AG9: Stage | AO9: Tasks | AV9: Target | AY9: Completed | BB9: Days to Target
AG10: Idea | AO10: Project Defined | BB10: =IF(AV10=$BK$3,"Missing Target",IF(AY10=$BK$3,IF($AZ$3>AV10,INT($AZ$3-AV10)&" Day(s) Overdue","Incomplete"),IF(AY10>AV10,INT(AY10-AV10)&" Day(s) Late",IF(AY10=AV10,"OK",INT(AV10-AY10)&" Day(s) Ahead")))) -> Missing Target
B11: PROJECT RESOURCES | F11: KEY PERFORMANCE INDICATORS / MEASURES OF SUCCESS | AO11: Business Case approved | BB11: =IF(AV11=$BK$3,"Missing Target",IF(AY11=$BK$3,IF($AZ$3>AV11,INT($AZ$3-AV11)&" Day(s) Overdue","Incomplete"),IF(AY11>AV11,INT(AY11-AV11)&" Day(s) Late",IF(AY11=AV11,"OK",INT(AV11-AY11)&" Day(s) Ahead")))) -> Missing Target
B12: AI Tools & Services | F12: =IF(F7="","",VLOOKUP(F7,Lookups!B12:H16,5)) | O12: =IF(F7="","",VLOOKUP(F7,Lookups!B12:H16,6)) | X12: =IF(F7="","",VLOOKUP(F7,Lookups!B12:H16,7)) | AO12: Resources Allocated | BB12: =IF(AV12=$BK$3,"Missing Target",IF(AY12=$BK$3,IF($AZ$3>AV12,INT($AZ$3-AV12)&" Day(s) Overdue","Incomplete"),IF(AY12>AV12,INT(AY12-AV12)&" Day(s) Late",IF(AY12=AV12,"OK",INT(AV12-AY12)&" Day(s) Ahead")))) -> Missing Target
F13: KPI | G13: Select the primary KPI (Jonas Library) | O13: KPI | P13: Select the primary KPI (Jonas Library) | X13: KPI | Y13: Select the primary KPI (Jonas Library) | AG13: Develop | AO13: Technical PoC validated | BB13: =IF(AV13=$BK$3,"Missing Target",IF(AY13=$BK$3,IF($AZ$3>AV13,INT($AZ$3-AV13)&" Day(s) Overdue","Incomplete"),IF(AY13>AV13,INT(AY13-AV13)&" Day(s) Late",IF(AY13=AV13,"OK",INT(AV13-AY13)&" Day(s) Ahead")))) -> Missing Target
F14: How does this Project support this KPI? | O14: How does this Project support this KPI? | X14: How does this Project support this KPI? | AO14: Dev roadmap documented | BB14: =IF(AV14=$BK$3,"Missing Target",IF(AY14=$BK$3,IF($AZ$3>AV14,INT($AZ$3-AV14)&" Day(s) Overdue","Incomplete"),IF(AY14>AV14,INT(AY14-AV14)&" Day(s) Late",IF(AY14=AV14,"OK",INT(AV14-AY14)&" Day(s) Ahead")))) -> Missing Target
AO15: Coding started | BB15: =IF(AV15=$A$1,"Missing Target",IF(AY15=$A$1,IF($AZ$3>AV15,INT($AZ$3-AV15)&" Day(s) Overdue","Incomplete"),IF(AY15>AV15,INT(AY15-AV15)&" Day(s) Late",IF(AY15=AV15,"OK",INT(AV15-AY15)&" Day(s) Ahead")))) -> Missing Target
AG16: Pilot | AO16: Deployment to beta | BB16: =IF(AV16=$A$1,"Missing Target",IF(AY16=$A$1,IF($AZ$3>AV16,INT($AZ$3-AV16)&" Day(s) Overdue","Incomplete"),IF(AY16>AV16,INT(AY16-AV16)&" Day(s) Late",IF(AY16=AV16,"OK",INT(AV16-AY16)&" Day(s) Ahead")))) -> Missing Target
B17: Contact | AO17: Initial metrics/feedback | BB17: =IF(AV17=$A$1,"Missing Target",IF(AY17=$A$1,IF($AZ$3>AV17,INT($AZ$3-AV17)&" Day(s) Overdue","Incomplete"),IF(AY17>AV17,INT(AY17-AV17)&" Day(s) Late",IF(AY17=AV17,"OK",INT(AV17-AY17)&" Day(s) Ahead")))) -> Missing Target
B18: Prod Mgr | F18: How will you measure the KPI? | O18: How will you measure the KPI? | X18: How will you measure the KPI? | AO18: Feedback affecting code | BB18: =IF(AV18=$A$1,"Missing Target",IF(AY18=$A$1,IF($AZ$3>AV18,INT($AZ$3-AV18)&" Day(s) Overdue","Incomplete"),IF(AY18>AV18,INT(AY18-AV18)&" Day(s) Late",IF(AY18=AV18,"OK",INT(AV18-AY18)&" Day(s) Ahead")))) -> Missing Target
B19: Analyst | AG19: Live | AO19: General release available | BB19: =IF(AV19=$A$1,"Missing Target",IF(AY19=$A$1,IF($AZ$3>AV19,INT($AZ$3-AV19)&" Day(s) Overdue","Incomplete"),IF(AY19>AV19,INT(AY19-AV19)&" Day(s) Late",IF(AY19=AV19,"OK",INT(AV19-AY19)&" Day(s) Ahead")))) -> Missing Target
B20: Tech Lead | AO20: Success mertics tracking | BB20: =IF(AV20=$A$1,"Missing Target",IF(AY20=$A$1,IF($AZ$3>AV20,INT($AZ$3-AV20)&" Day(s) Overdue","Incomplete"),IF(AY20>AV20,INT(AY20-AV20)&" Day(s) Late",IF(AY20=AV20,"OK",INT(AV20-AY20)&" Day(s) Ahead")))) -> Missing Target
B21: Exec | AO21: Feedback loop continuing | BB21: =IF(AV21=$A$1,"Missing Target",IF(AY21=$A$1,IF($AZ$3>AV21,INT($AZ$3-AV21)&" Day(s) Overdue","Incomplete"),IF(AY21>AV21,INT(AY21-AV21)&" Day(s) Late",IF(AY21=AV21,"OK",INT(AV21-AY21)&" Day(s) Ahead")))) -> Missing Target
B23: WEEKLY KPI TRACKER | F23: 1 | G23: =F23+1 -> 2 | H23: =G23+1 -> 3 | I23: =H23+1 -> 4 | J23: =I23+1 -> 5 | K23: =J23+1 -> 6 | L23: =K23+1 -> 7 | M23: =L23+1 -> 8 | N23: =M23+1 -> 9 | ... BE23: =BD23+1 -> 52
B24: Week Ending | F24: =NOW() -> 45957.658 | G24: =F24+7 -> 45964.658 | H24: =G24+7 -> 45971.658 | I24: =H24+7 -> 45978.658 | J24: =I24+7 -> 45985.658 | K24: =J24+7 -> 45992.658 | L24: =K24+7 -> 45999.658 | M24: =L24+7 -> 46006.658 | N24: =M24+7 -> 46013.658 | ... BE24: =BD24+7 -> 46314.658
B25: =G13&" TARGET" -> Select the primary KPI (Jonas Library) TARGET
B26: Actual
B27: Delta | F27: =F26-F25 -> 0 | G27: =G26-G25 -> 0 | H27: =H26-H25 -> 0 | I27: =I26-I25 -> 0 | J27: =J26-J25 -> 0 | K27: =K26-K25 -> 0 | L27: =L26-L25 -> 0 | M27: =M26-M25 -> 0 | ... BE27: =BE26-BE25 -> 0
B29: =P13&" TARGET" -> Select the primary KPI (Jonas Library) TARGET
B30: Actual
B31: Delta | F31: =F30-F29 -> 0 | G31: =G30-G29 -> 0 | H31: =H30-H29 -> 0 | I31: =I30-I29 -> 0 | J31: =J30-J29 -> 0 | K31: =K30-K29 -> 0 | L31: =L30-L29 -> 0 | M31: =M30-M29 -> 0 | ... BE31: =BE30-BE29 -> 0
B33: =Y13&" TARGET" -> Select the primary KPI (Jonas Library) TARGET
B34: Actual
B35: Delta | F35: =F34-F33 -> 0 | G35: =G34-G33 -> 0 | H35: =H34-H33 -> 0 | I35: =I34-I33 -> 0 | J35: =J34-J33 -> 0 | K35: =K34-K33 -> 0 | L35: =L34-L33 -> 0 | M35: =M34-M33 -> 0 | ... BE35: =BE34-BE33 -> 0
B38: Revenue Target | F38: =IF($X$12="Revenue Impact",F33,0) -> 0 | G38: =IF($X$12="Revenue Impact",G33,0) -> 0 | H38: =IF($X$12="Revenue Impact",H33,0) -> 0 | I38: =IF($X$12="Revenue Impact",I33,0) -> 0 | J38: =IF($X$12="Revenue Impact",J33,0) -> 0 | K38: =IF($X$12="Revenue Impact",K33,0) -> 0 | L38: =IF($X$12="Revenue Impact",L33,0) -> 0 | M38: =IF($X$12="Revenue Impact",M33,0) -> 0 | ... BE38: =IF($X$12="Revenue Impact",BE33,0) -> 0
B39: Revenue Actual | F39: =IF($X$12="Revenue Impact",F34,0) -> 0 | G39: =IF($X$12="Revenue Impact",G34,0) -> 0 | H39: =IF($X$12="Revenue Impact",H34,0) -> 0 | I39: =IF($X$12="Revenue Impact",I34,0) -> 0 | J39: =IF($X$12="Revenue Impact",J34,0) -> 0 | K39: =IF($X$12="Revenue Impact",K34,0) -> 0 | L39: =IF($X$12="Revenue Impact",L34,0) -> 0 | M39: =IF($X$12="Revenue Impact",M34,0) -> 0 | ... BE39: =IF($X$12="Revenue Impact",BE34,0) -> 0
B41: Cost Target | F41: =IF($X$12="Cost Savings",F33,0) -> 0 | G41: =IF($X$12="Cost Savings",G33,0) -> 0 | H41: =IF($X$12="Cost Savings",H33,0) -> 0 | I41: =IF($X$12="Cost Savings",I33,0) -> 0 | J41: =IF($X$12="Cost Savings",J33,0) -> 0 | K41: =IF($X$12="Cost Savings",K33,0) -> 0 | L41: =IF($X$12="Cost Savings",L33,0) -> 0 | M41: =IF($X$12="Cost Savings",M33,0) -> 0 | ... BE41: =IF($X$12="Cost Savings",BE33,0) -> 0
B42: Cost Actual | F42: =IF($X$12="Cost Savings",F34,0) -> 0 | G42: =IF($X$12="Cost Savings",G34,0) -> 0 | H42: =IF($X$12="Cost Savings",H34,0) -> 0 | I42: =IF($X$12="Cost Savings",I34,0) -> 0 | J42: =IF($X$12="Cost Savings",J34,0) -> 0 | K42: =IF($X$12="Cost Savings",K34,0) -> 0 | L42: =IF($X$12="Cost Savings",L34,0) -> 0 | M42: =IF($X$12="Cost Savings",M34,0) -> 0 | ... BE42: =IF($X$12="Cost Savings",BE34,0) -> 0
B44: Financial Target | F44: =F38+F41 -> 0 | G44: =G38+G41 -> 0 | H44: =H38+H41 -> 0 | I44: =I38+I41 -> 0 | J44: =J38+J41 -> 0 | K44: =K38+K41 -> 0 | L44: =L38+L41 -> 0 | M44: =M38+M41 -> 0 | ... BE44: =BE38+BE41 -> 0
B45: Financial Actual | F45: =F39+F42 -> 0 | G45: =G39+G42 -> 0 | H45: =H39+H42 -> 0 | I45: =I39+I42 -> 0 | J45: =J39+J42 -> 0 | K45: =K39+K42 -> 0 | L45: =L39+L42 -> 0 | M45: =M39+M42 -> 0 | ... BE45: =BE39+BE42 -> 0
E46: To Date
B47: Current Financial Target | E47: =MAX(F47:BE47) -> 0 | F47: =IF($AZ$3>F24,F44,0) -> 0 | G47: =IF($AZ$3>G24,G44,0) -> 0 | H47: =IF($AZ$3>H24,H44,0) -> 0 | I47: =IF($AZ$3>I24,I44,0) -> 0 | J47: =IF($AZ$3>J24,J44,0) -> 0 | K47: =IF($AZ$3>K24,K44,0) -> 0 | L47: =IF($AZ$3>L24,L44,0) -> 0 | M47: =IF($AZ$3>M24,M44,0) -> 0 | ... BE47: =IF($AZ$3>BE24,BE44,0) -> 0
B48: Current Financial Actual | E48: =MAX(F48:BE48) -> 0 | F48: =IF($AZ$3>F25,F45,0) -> 0 | G48: =IF($AZ$3>G25,G45,0) -> 0 | H48: =IF($AZ$3>H25,H45,0) -> 0 | I48: =IF($AZ$3>I25,I45,0) -> 0 | J48: =IF($AZ$3>J25,J45,0) -> 0 | K48: =IF($AZ$3>K25,K45,0) -> 0 | L48: =IF($AZ$3>L25,L45,0) -> 0 | M48: =IF($AZ$3>M25,M45,0) -> 0 | ... BE48: =IF($AZ$3>BE25,BE45,0) -> 0

Sheet P6
B3: PROJECT | AG3: Strategic Value | AO3: =F8 | AV3: =IF(F7="",0,VLOOKUP(F7,Lookups!B12:H16,3)) -> 0 | AZ3: =NOW() -> 45957.658
AG4: Stage Multiplier (today) | AO4: =VLOOKUP(COUNTIF(AY10:BA21,"<="&AZ3),Table3357[],2) -> Not Def | AV4: =IF(AO4="Not Def",0,VLOOKUP(AO4,Lookups!L4:M8,2)) -> 0 | AZ4: Current Qtr | BC4: =VLOOKUP((YEAR(AZ3)&"-"&MONTH(AZ3)),Lookups!S3:U21,2) -> 2025-Q4
B5: Description (Use Case) | AG5: Stage Last Quarter | AO5: =VLOOKUP(COUNTIF(AY10:BA21,"<"&VLOOKUP(BC4,Lookups!W3:Y9,2)),Table3357[],2) -> Not Def | AQ5: =IF(AV5=1,"No Change","Progression") -> Progression | AV5: =IF(AO4="Not Def",0,IF(AO5=AO4,1,1.2)) -> 0
AG6: PROJECT SCORE | AV6: =AV3*AV4*AV5 -> 0
B7: Category | Y7: Ratio Impacted
B8: Strategic Value Level | F8: =IF(F7="","",VLOOKUP(F7,Lookups!B12:H16,2))
B9: Examples | F9: =IF(F7="","",VLOOKUP(F7,Lookups!B12:H16,4)) | AG9: Stage | AO9: Tasks | AV9: Target | AY9: Completed | BB9: Days to Target
AG10: Idea | AO10: Project Defined | BB10: =IF(AV10=$BK$3,"Missing Target",IF(AY10=$BK$3,IF($AZ$3>AV10,INT($AZ$3-AV10)&" Day(s) Overdue","Incomplete"),IF(AY10>AV10,INT(AY10-AV10)&" Day(s) Late",IF(AY10=AV10,"OK",INT(AV10-AY10)&" Day(s) Ahead")))) -> Missing Target
B11: PROJECT RESOURCES | F11: KEY PERFORMANCE INDICATORS / MEASURES OF SUCCESS | AO11: Business Case approved | BB11: =IF(AV11=$BK$3,"Missing Target",IF(AY11=$BK$3,IF($AZ$3>AV11,INT($AZ$3-AV11)&" Day(s) Overdue","Incomplete"),IF(AY11>AV11,INT(AY11-AV11)&" Day(s) Late",IF(AY11=AV11,"OK",INT(AV11-AY11)&" Day(s) Ahead")))) -> Missing Target
B12: AI Tools & Services | F12: =IF(F7="","",VLOOKUP(F7,Lookups!B12:H16,5)) | O12: =IF(F7="","",VLOOKUP(F7,Lookups!B12:H16,6)) | X12: =IF(F7="","",VLOOKUP(F7,Lookups!B12:H16,7)) | AO12: Resources Allocated | BB12: =IF(AV12=$BK$3,"Missing Target",IF(AY12=$BK$3,IF($AZ$3>AV12,INT($AZ$3-AV12)&" Day(s) Overdue","Incomplete"),IF(AY12>AV12,INT(AY12-AV12)&" Day(s) Late",IF(AY12=AV12,"OK",INT(AV12-AY12)&" Day(s) Ahead")))) -> Missing Target
F13: KPI | G13: Select the primary KPI (Jonas Library) | O13: KPI | P13: Select the primary KPI (Jonas Library) | X13: KPI | Y13: Select the primary KPI (Jonas Library) | AG13: Develop | AO13: Technical PoC validated | BB13: =IF(AV13=$BK$3,"Missing Target",IF(AY13=$BK$3,IF($AZ$3>AV13,INT($AZ$3-AV13)&" Day(s) Overdue","Incomplete"),IF(AY13>AV13,INT(AY13-AV13)&" Day(s) Late",IF(AY13=AV13,"OK",INT(AV13-AY13)&" Day(s) Ahead")))) -> Missing Target
F14: How does this Project support this KPI? | O14: How does this Project support this KPI? | X14: How does this Project support this KPI? | AO14: Dev roadmap documented | BB14: =IF(AV14=$BK$3,"Missing Target",IF(AY14=$BK$3,IF($AZ$3>AV14,INT($AZ$3-AV14)&" Day(s) Overdue","Incomplete"),IF(AY14>AV14,INT(AY14-AV14)&" Day(s) Late",IF(AY14=AV14,"OK",INT(AV14-AY14)&" Day(s) Ahead")))) -> Missing Target
AO15: Coding started | BB15: =IF(AV15=$A$1,"Missing Target",IF(AY15=$A$1,IF($AZ$3>AV15,INT($AZ$3-AV15)&" Day(s) Overdue","Incomplete"),IF(AY15>AV15,INT(AY15-AV15)&" Day(s) Late",IF(AY15=AV15,"OK",INT(AV15-AY15)&" Day(s) Ahead")))) -> Missing Target
AG16: Pilot | AO16: Deployment to beta | BB16: =IF(AV16=$A$1,"Missing Target",IF(AY16=$A$1,IF($AZ$3>AV16,INT($AZ$3-AV16)&" Day(s) Overdue","Incomplete"),IF(AY16>AV16,INT(AY16-AV16)&" Day(s) Late",IF(AY16=AV16,"OK",INT(AV16-AY16)&" Day(s) Ahead")))) -> Missing Target
B17: Contact | AO17: Initial metrics/feedback | BB17: =IF(AV17=$A$1,"Missing Target",IF(AY17=$A$1,IF($AZ$3>AV17,INT($AZ$3-AV17)&" Day(s) Overdue","Incomplete"),IF(AY17>AV17,INT(AY17-AV17)&" Day(s) Late",IF(AY17=AV17,"OK",INT(AV17-AY17)&" Day(s) Ahead")))) -> Missing Target
B18: Prod Mgr | F18: How will you measure the KPI? | O18: How will you measure the KPI? | X18: How will you measure the KPI? | AO18: Feedback affecting code | BB18: =IF(AV18=$A$1,"Missing Target",IF(AY18=$A$1,IF($AZ$3>AV18,INT($AZ$3-AV18)&" Day(s) Overdue","Incomplete"),IF(AY18>AV18,INT(AY18-AV18)&" Day(s) Late",IF(AY18=AV18,"OK",INT(AV18-AY18)&" Day(s) Ahead")))) -> Missing Target
B19: Analyst | AG19: Live | AO19: General release available | BB19: =IF(AV19=$A$1,"Missing Target",IF(AY19=$A$1,IF($AZ$3>AV19,INT($AZ$3-AV19)&" Day(s) Overdue","Incomplete"),IF(AY19>AV19,INT(AY19-AV19)&" Day(s) Late",IF(AY19=AV19,"OK",INT(AV19-AY19)&" Day(s) Ahead")))) -> Missing Target
B20: Tech Lead | AO20: Success mertics tracking | BB20: =IF(AV20=$A$1,"Missing Target",IF(AY20=$A$1,IF($AZ$3>AV20,INT($AZ$3-AV20)&" Day(s) Overdue","Incomplete"),IF(AY20>AV20,INT(AY20-AV20)&" Day(s) Late",IF(AY20=AV20,"OK",INT(AV20-AY20)&" Day(s) Ahead")))) -> Missing Target
B21: Exec | AO21: Feedback loop continuing | BB21: =IF(AV21=$A$1,"Missing Target",IF(AY21=$A$1,IF($AZ$3>AV21,INT($AZ$3-AV21)&" Day(s) Overdue","Incomplete"),IF(AY21>AV21,INT(AY21-AV21)&" Day(s) Late",IF(AY21=AV21,"OK",INT(AV21-AY21)&" Day(s) Ahead")))) -> Missing Target
B23: WEEKLY KPI TRACKER | F23: 1 | G23: =F23+1 -> 2 | H23: =G23+1 -> 3 | I23: =H23+1 -> 4 | J23: =I23+1 -> 5 | K23: =J23+1 -> 6 | L23: =K23+1 -> 7 | M23: =L23+1 -> 8 | N23: =M23+1 -> 9 | ... BE23: =BD23+1 -> 52
B24: Week Ending | F24: =NOW() -> 45957.658 | G24: =F24+7 -> 45964.658 | H24: =G24+7 -> 45971.658 | I24: =H24+7 -> 45978.658 | J24: =I24+7 -> 45985.658 | K24: =J24+7 -> 45992.658 | L24: =K24+7 -> 45999.658 | M24: =L24+7 -> 46006.658 | N24: =M24+7 -> 46013.658 | ... BE24: =BD24+7 -> 46314.658
B25: =G13&" TARGET" -> Select the primary KPI (Jonas Library) TARGET
B26: Actual
B27: Delta | F27: =F26-F25 -> 0 | G27: =G26-G25 -> 0 | H27: =H26-H25 -> 0 | I27: =I26-I25 -> 0 | J27: =J26-J25 -> 0 | K27: =K26-K25 -> 0 | L27: =L26-L25 -> 0 | M27: =M26-M25 -> 0 | ... BE27: =BE26-BE25 -> 0
B29: =P13&" TARGET" -> Select the primary KPI (Jonas Library) TARGET
B30: Actual
B31: Delta | F31: =F30-F29 -> 0 | G31: =G30-G29 -> 0 | H31: =H30-H29 -> 0 | I31: =I30-I29 -> 0 | J31: =J30-J29 -> 0 | K31: =K30-K29 -> 0 | L31: =L30-L29 -> 0 | M31: =M30-M29 -> 0 | ... BE31: =BE30-BE29 -> 0
B33: =Y13&" TARGET" -> Select the primary KPI (Jonas Library) TARGET
B34: Actual
B35: Delta | F35: =F34-F33 -> 0 | G35: =G34-G33 -> 0 | H35: =H34-H33 -> 0 | I35: =I34-I33 -> 0 | J35: =J34-J33 -> 0 | K35: =K34-K33 -> 0 | L35: =L34-L33 -> 0 | M35: =M34-M33 -> 0 | ... BE35: =BE34-BE33 -> 0
B38: Revenue Target | F38: =IF($X$12="Revenue Impact",F33,0) -> 0 | G38: =IF($X$12="Revenue Impact",G33,0) -> 0 | H38: =IF($X$12="Revenue Impact",H33,0) -> 0 | I38: =IF($X$12="Revenue Impact",I33,0) -> 0 | J38: =IF($X$12="Revenue Impact",J33,0) -> 0 | K38: =IF($X$12="Revenue Impact",K33,0) -> 0 | L38: =IF($X$12="Revenue Impact",L33,0) -> 0 | M38: =IF($X$12="Revenue Impact",M33,0) -> 0 | ... BE38: =IF($X$12="Revenue Impact",BE33,0) -> 0
B39: Revenue Actual | F39: =IF($X$12="Revenue Impact",F34,0) -> 0 | G39: =IF($X$12="Revenue Impact",G34,0) -> 0 | H39: =IF($X$12="Revenue Impact",H34,0) -> 0 | I39: =IF($X$12="Revenue Impact",I34,0) -> 0 | J39: =IF($X$12="Revenue Impact",J34,0) -> 0 | K39: =IF($X$12="Revenue Impact",K34,0) -> 0 | L39: =IF($X$12="Revenue Impact",L34,0) -> 0 | M39: =IF($X$12="Revenue Impact",M34,0) -> 0 | ... BE39: =IF($X$12="Revenue Impact",BE34,0) -> 0
B41: Cost Target | F41: =IF($X$12="Cost Savings",F33,0) -> 0 | G41: =IF($X$12="Cost Savings",G33,0) -> 0 | H41: =IF($X$12="Cost Savings",H33,0) -> 0 | I41: =IF($X$12="Cost Savings",I33,0) -> 0 | J41: =IF($X$12="Cost Savings",J33,0) -> 0 | K41: =IF($X$12="Cost Savings",K33,0) -> 0 | L41: =IF($X$12="Cost Savings",L33,0) -> 0 | M41: =IF($X$12="Cost Savings",M33,0) -> 0 | ... BE41: =IF($X$12="Cost Savings",BE33,0) -> 0
B42: Cost Actual | F42: =IF($X$12="Cost Savings",F34,0) -> 0 | G42: =IF($X$12="Cost Savings",G34,0) -> 0 | H42: =IF($X$12="Cost Savings",H34,0) -> 0 | I42: =IF($X$12="Cost Savings",I34,0) -> 0 | J42: =IF($X$12="Cost Savings",J34,0) -> 0 | K42: =IF($X$12="Cost Savings",K34,0) -> 0 | L42: =IF($X$12="Cost Savings",L34,0) -> 0 | M42: =IF($X$12="Cost Savings",M34,0) -> 0 | ... BE42: =IF($X$12="Cost Savings",BE34,0) -> 0
B44: Financial Target | F44: =F38+F41 -> 0 | G44: =G38+G41 -> 0 | H44: =H38+H41 -> 0 | I44: =I38+I41 -> 0 | J44: =J38+J41 -> 0 | K44: =K38+K41 -> 0 | L44: =L38+L41 -> 0 | M44: =M38+M41 -> 0 | ... BE44: =BE38+BE41 -> 0
B45: Financial Actual | F45: =F39+F42 -> 0 | G45: =G39+G42 -> 0 | H45: =H39+H42 -> 0 | I45: =I39+I42 -> 0 | J45: =J39+J42 -> 0 | K45: =K39+K42 -> 0 | L45: =L39+L42 -> 0 | M45: =M39+M42 -> 0 | ... BE45: =BE39+BE42 -> 0
E46: To Date
B47: Current Financial Target | E47: =MAX(F47:BE47) -> 0 | F47: =IF($AZ$3>F24,F44,0) -> 0 | G47: =IF($AZ$3>G24,G44,0) -> 0 | H47: =IF($AZ$3>H24,H44,0) -> 0 | I47: =IF($AZ$3>I24,I44,0) -> 0 | J47: =IF($AZ$3>J24,J44,0) -> 0 | K47: =IF($AZ$3>K24,K44,0) -> 0 | L47: =IF($AZ$3>L24,L44,0) -> 0 | M47: =IF($AZ$3>M24,M44,0) -> 0 | ... BE47: =IF($AZ$3>BE24,BE44,0) -> 0
B48: Current Financial Actual | E48: =MAX(F48:BE48) -> 0 | F48: =IF($AZ$3>F25,F45,0) -> 0 | G48: =IF($AZ$3>G25,G45,0) -> 0 | H48: =IF($AZ$3>H25,H45,0) -> 0 | I48: =IF($AZ$3>I25,I45,0) -> 0 | J48: =IF($AZ$3>J25,J45,0) -> 0 | K48: =IF($AZ$3>K25,K45,0) -> 0 | L48: =IF($AZ$3>L25,L45,0) -> 0 | M48: =IF($AZ$3>M25,M45,0) -> 0 | ... BE48: =IF($AZ$3>BE25,BE45,0) -> 0

Sheet P7
B3: PROJECT | AG3: Strategic Value | AO3: =F8 | AV3: =IF(F7="",0,VLOOKUP(F7,Lookups!B12:H16,3)) -> 0 | AZ3: =NOW() -> 45957.658
AG4: Stage Multiplier (today) | AO4: =VLOOKUP(COUNTIF(AY10:BA21,"<="&AZ3),Table3357[],2) -> Not Def | AV4: =IF(AO4="Not Def",0,VLOOKUP(AO4,Lookups!L4:M8,2)) -> 0 | AZ4: Current Qtr | BC4: =VLOOKUP((YEAR(AZ3)&"-"&MONTH(AZ3)),Lookups!S3:U21,2) -> 2025-Q4
B5: Description (Use Case) | AG5: Stage Last Quarter | AO5: =VLOOKUP(COUNTIF(AY10:BA21,"<"&VLOOKUP(BC4,Lookups!W3:Y9,2)),Table3357[],2) -> Not Def | AQ5: =IF(AV5=1,"No Change","Progression") -> Progression | AV5: =IF(AO4="Not Def",0,IF(AO5=AO4,1,1.2)) -> 0
AG6: PROJECT SCORE | AV6: =AV3*AV4*AV5 -> 0
B7: Category | Y7: Ratio Impacted
B8: Strategic Value Level | F8: =IF(F7="","",VLOOKUP(F7,Lookups!B12:H16,2))
B9: Examples | F9: =IF(F7="","",VLOOKUP(F7,Lookups!B12:H16,4)) | AG9: Stage | AO9: Tasks | AV9: Target | AY9: Completed | BB9: Days to Target
AG10: Idea | AO10: Project Defined | BB10: =IF(AV10=$BK$3,"Missing Target",IF(AY10=$BK$3,IF($AZ$3>AV10,INT($AZ$3-AV10)&" Day(s) Overdue","Incomplete"),IF(AY10>AV10,INT(AY10-AV10)&" Day(s) Late",IF(AY10=AV10,"OK",INT(AV10-AY10)&" Day(s) Ahead")))) -> Missing Target
B11: PROJECT RESOURCES | F11: KEY PERFORMANCE INDICATORS / MEASURES OF SUCCESS | AO11: Business Case approved | BB11: =IF(AV11=$BK$3,"Missing Target",IF(AY11=$BK$3,IF($AZ$3>AV11,INT($AZ$3-AV11)&" Day(s) Overdue","Incomplete"),IF(AY11>AV11,INT(AY11-AV11)&" Day(s) Late",IF(AY11=AV11,"OK",INT(AV11-AY11)&" Day(s) Ahead")))) -> Missing Target
B12: AI Tools & Services | F12: =IF(F7="","",VLOOKUP(F7,Lookups!B12:H16,5)) | O12: =IF(F7="","",VLOOKUP(F7,Lookups!B12:H16,6)) | X12: =IF(F7="","",VLOOKUP(F7,Lookups!B12:H16,7)) | AO12: Resources Allocated | BB12: =IF(AV12=$BK$3,"Missing Target",IF(AY12=$BK$3,IF($AZ$3>AV12,INT($AZ$3-AV12)&" Day(s) Overdue","Incomplete"),IF(AY12>AV12,INT(AY12-AV12)&" Day(s) Late",IF(AY12=AV12,"OK",INT(AV12-AY12)&" Day(s) Ahead")))) -> Missing Target
F13: KPI | G13: Select the primary KPI (Jonas Library) | O13: KPI | P13: Select the primary KPI (Jonas Library) | X13: KPI | Y13: Select the primary KPI (Jonas Library) | AG13: Develop | AO13: Technical PoC validated | BB13: =IF(AV13=$BK$3,"Missing Target",IF(AY13=$BK$3,IF($AZ$3>AV13,INT($AZ$3-AV13)&" Day(s) Overdue","Incomplete"),IF(AY13>AV13,INT(AY13-AV13)&" Day(s) Late",IF(AY13=AV13,"OK",INT(AV13-AY13)&" Day(s) Ahead")))) -> Missing Target
F14: How does this Project support this KPI? | O14: How does this Project support this KPI? | X14: How does this Project support this KPI? | AO14: Dev roadmap documented | BB14: =IF(AV14=$BK$3,"Missing Target",IF(AY14=$BK$3,IF($AZ$3>AV14,INT($AZ$3-AV14)&" Day(s) Overdue","Incomplete"),IF(AY14>AV14,INT(AY14-AV14)&" Day(s) Late",IF(AY14=AV14,"OK",INT(AV14-AY14)&" Day(s) Ahead")))) -> Missing Target
AO15: Coding started | BB15: =IF(AV15=$A$1,"Missing Target",IF(AY15=$A$1,IF($AZ$3>AV15,INT($AZ$3-AV15)&" Day(s) Overdue","Incomplete"),IF(AY15>AV15,INT(AY15-AV15)&" Day(s) Late",IF(AY15=AV15,"OK",INT(AV15-AY15)&" Day(s) Ahead")))) -> Missing Target
AG16: Pilot | AO16: Deployment to beta | BB16: =IF(AV16=$A$1,"Missing Target",IF(AY16=$A$1,IF($AZ$3>AV16,INT($AZ$3-AV16)&" Day(s) Overdue","Incomplete"),IF(AY16>AV16,INT(AY16-AV16)&" Day(s) Late",IF(AY16=AV16,"OK",INT(AV16-AY16)&" Day(s) Ahead")))) -> Missing Target
B17: Contact | AO17: Initial metrics/feedback | BB17: =IF(AV17=$A$1,"Missing Target",IF(AY17=$A$1,IF($AZ$3>AV17,INT($AZ$3-AV17)&" Day(s) Overdue","Incomplete"),IF(AY17>AV17,INT(AY17-AV17)&" Day(s) Late",IF(AY17=AV17,"OK",INT(AV17-AY17)&" Day(s) Ahead")))) -> Missing Target
B18: Prod Mgr | F18: How will you measure the KPI? | O18: How will you measure the KPI? | X18: How will you measure the KPI? | AO18: Feedback affecting code | BB18: =IF(AV18=$A$1,"Missing Target",IF(AY18=$A$1,IF($AZ$3>AV18,INT($AZ$3-AV18)&" Day(s) Overdue","Incomplete"),IF(AY18>AV18,INT(AY18-AV18)&" Day(s) Late",IF(AY18=AV18,"OK",INT(AV18-AY18)&" Day(s) Ahead")))) -> Missing Target
B19: Analyst | AG19: Live | AO19: General release available | BB19: =IF(AV19=$A$1,"Missing Target",IF(AY19=$A$1,IF($AZ$3>AV19,INT($AZ$3-AV19)&" Day(s) Overdue","Incomplete"),IF(AY19>AV19,INT(AY19-AV19)&" Day(s) Late",IF(AY19=AV19,"OK",INT(AV19-AY19)&" Day(s) Ahead")))) -> Missing Target
B20: Tech Lead | AO20: Success mertics tracking | BB20: =IF(AV20=$A$1,"Missing Target",IF(AY20=$A$1,IF($AZ$3>AV20,INT($AZ$3-AV20)&" Day(s) Overdue","Incomplete"),IF(AY20>AV20,INT(AY20-AV20)&" Day(s) Late",IF(AY20=AV20,"OK",INT(AV20-AY20)&" Day(s) Ahead")))) -> Missing Target
B21: Exec | AO21: Feedback loop continuing | BB21: =IF(AV21=$A$1,"Missing Target",IF(AY21=$A$1,IF($AZ$3>AV21,INT($AZ$3-AV21)&" Day(s) Overdue","Incomplete"),IF(AY21>AV21,INT(AY21-AV21)&" Day(s) Late",IF(AY21=AV21,"OK",INT(AV21-AY21)&" Day(s) Ahead")))) -> Missing Target
B23: WEEKLY KPI TRACKER | F23: 1 | G23: =F23+1 -> 2 | H23: =G23+1 -> 3 | I23: =H23+1 -> 4 | J23: =I23+1 -> 5 | K23: =J23+1 -> 6 | L23: =K23+1 -> 7 | M23: =L23+1 -> 8 | N23: =M23+1 -> 9 | ... BE23: =BD23+1 -> 52
B24: Week Ending | F24: =NOW() -> 45957.658 | G24: =F24+7 -> 45964.658 | H24: =G24+7 -> 45971.658 | I24: =H24+7 -> 45978.658 | J24: =I24+7 -> 45985.658 | K24: =J24+7 -> 45992.658 | L24: =K24+7 -> 45999.658 | M24: =L24+7 -> 46006.658 | N24: =M24+7 -> 46013.658 | ... BE24: =BD24+7 -> 46314.658
B25: =G13&" TARGET" -> Select the primary KPI (Jonas Library) TARGET
B26: Actual
B27: Delta | F27: =F26-F25 -> 0 | G27: =G26-G25 -> 0 | H27: =H26-H25 -> 0 | I27: =I26-I25 -> 0 | J27: =J26-J25 -> 0 | K27: =K26-K25 -> 0 | L27: =L26-L25 -> 0 | M27: =M26-M25 -> 0 | ... BE27: =BE26-BE25 -> 0
B29: =P13&" TARGET" -> Select the primary KPI (Jonas Library) TARGET
B30: Actual
B31: Delta | F31: =F30-F29 -> 0 | G31: =G30-G29 -> 0 | H31: =H30-H29 -> 0 | I31: =I30-I29 -> 0 | J31: =J30-J29 -> 0 | K31: =K30-K29 -> 0 | L31: =L30-L29 -> 0 | M31: =M30-M29 -> 0 | ... BE31: =BE30-BE29 -> 0
B33: =Y13&" TARGET" -> Select the primary KPI (Jonas Library) TARGET
B34: Actual
B35: Delta | F35: =F34-F33 -> 0 | G35: =G34-G33 -> 0 | H35: =H34-H33 -> 0 | I35: =I34-I33 -> 0 | J35: =J34-J33 -> 0 | K35: =K34-K33 -> 0 | L35: =L34-L33 -> 0 | M35: =M34-M33 -> 0 | ... BE35: =BE34-BE33 -> 0
B38: Revenue Target | F38: =IF($X$12="Revenue Impact",F33,0) -> 0 | G38: =IF($X$12="Revenue Impact",G33,0) -> 0 | H38: =IF($X$12="Revenue Impact",H33,0) -> 0 | I38: =IF($X$12="Revenue Impact",I33,0) -> 0 | J38: =IF($X$12="Revenue Impact",J33,0) -> 0 | K38: =IF($X$12="Revenue Impact",K33,0) -> 0 | L38: =IF($X$12="Revenue Impact",L33,0) -> 0 | M38: =IF($X$12="Revenue Impact",M33,0) -> 0 | ... BE38: =IF($X$12="Revenue Impact",BE33,0) -> 0
B39: Revenue Actual | F39: =IF($X$12="Revenue Impact",F34,0) -> 0 | G39: =IF($X$12="Revenue Impact",G34,0) -> 0 | H39: =IF($X$12="Revenue Impact",H34,0) -> 0 | I39: =IF($X$12="Revenue Impact",I34,0) -> 0 | J39: =IF($X$12="Revenue Impact",J34,0) -> 0 | K39: =IF($X$12="Revenue Impact",K34,0) -> 0 | L39: =IF($X$12="Revenue Impact",L34,0) -> 0 | M39: =IF($X$12="Revenue Impact",M34,0) -> 0 | ... BE39: =IF($X$12="Revenue Impact",BE34,0) -> 0
B41: Cost Target | F41: =IF($X$12="Cost Savings",F33,0) -> 0 | G41: =IF($X$12="Cost Savings",G33,0) -> 0 | H41: =IF($X$12="Cost Savings",H33,0) -> 0 | I41: =IF($X$12="Cost Savings",I33,0) -> 0 | J41: =IF($X$12="Cost Savings",J33,0) -> 0 | K41: =IF($X$12="Cost Savings",K33,0) -> 0 | L41: =IF($X$12="Cost Savings",L33,0) -> 0 | M41: =IF($X$12="Cost Savings",M33,0) -> 0 | ... BE41: =IF($X$12="Cost Savings",BE33,0) -> 0
B42: Cost Actual | F42: =IF($X$12="Cost Savings",F34,0) -> 0 | G42: =IF($X$12="Cost Savings",G34,0) -> 0 | H42: =IF($X$12="Cost Savings",H34,0) -> 0 | I42: =IF($X$12="Cost Savings",I34,0) -> 0 | J42: =IF($X$12="Cost Savings",J34,0) -> 0 | K42: =IF($X$12="Cost Savings",K34,0) -> 0 | L42: =IF($X$12="Cost Savings",L34,0) -> 0 | M42: =IF($X$12="Cost Savings",M34,0) -> 0 | ... BE42: =IF($X$12="Cost Savings",BE34,0) -> 0
B44: Financial Target | F44: =F38+F41 -> 0 | G44: =G38+G41 -> 0 | H44: =H38+H41 -> 0 | I44: =I38+I41 -> 0 | J44: =J38+J41 -> 0 | K44: =K38+K41 -> 0 | L44: =L38+L41 -> 0 | M44: =M38+M41 -> 0 | ... BE44: =BE38+BE41 -> 0
B45: Financial Actual | F45: =F39+F42 -> 0 | G45: =G39+G42 -> 0 | H45: =H39+H42 -> 0 | I45: =I39+I42 -> 0 | J45: =J39+J42 -> 0 | K45: =K39+K42 -> 0 | L45: =L39+L42 -> 0 | M45: =M39+M42 -> 0 | ... BE45: =BE39+BE42 -> 0
E46: To Date
B47: Current Financial Target | E47: =MAX(F47:BE47) -> 0 | F47: =IF($AZ$3>F24,F44,0) -> 0 | G47: =IF($AZ$3>G24,G44,0) -> 0 | H47: =IF($AZ$3>H24,H44,0) -> 0 | I47: =IF($AZ$3>I24,I44,0) -> 0 | J47: =IF($AZ$3>J24,J44,0) -> 0 | K47: =IF($AZ$3>K24,K44,0) -> 0 | L47: =IF($AZ$3>L24,L44,0) -> 0 | M47: =IF($AZ$3>M24,M44,0) -> 0 | ... BE47: =IF($AZ$3>BE24,BE44,0) -> 0
B48: Current Financial Actual | E48: =MAX(F48:BE48) -> 0 | F48: =IF($AZ$3>F25,F45,0) -> 0 | G48: =IF($AZ$3>G25,G45,0) -> 0 | H48: =IF($AZ$3>H25,H45,0) -> 0 | I48: =IF($AZ$3>I25,I45,0) -> 0 | J48: =IF($AZ$3>J25,J45,0) -> 0 | K48: =IF($AZ$3>K25,K45,0) -> 0 | L48: =IF($AZ$3>L25,L45,0) -> 0 | M48: =IF($AZ$3>M25,M45,0) -> 0 | ... BE48: =IF($AZ$3>BE25,BE45,0) -> 0

Sheet P8
B3: PROJECT | AG3: Strategic Value | AO3: =F8 | AV3: =IF(F7="",0,VLOOKUP(F7,Lookups!B12:H16,3)) -> 0 | AZ3: =NOW() -> 45957.658
AG4: Stage Multiplier (today) | AO4: =VLOOKUP(COUNTIF(AY10:BA21,"<="&AZ3),Table3357[],2) -> Not Def | AV4: =IF(AO4="Not Def",0,VLOOKUP(AO4,Lookups!L4:M8,2)) -> 0 | AZ4: Current Qtr | BC4: =VLOOKUP((YEAR(AZ3)&"-"&MONTH(AZ3)),Lookups!S3:U21,2) -> 2025-Q4
B5: Description (Use Case) | AG5: Stage Last Quarter | AO5: =VLOOKUP(COUNTIF(AY10:BA21,"<"&VLOOKUP(BC4,Lookups!W3:Y9,2)),Table3357[],2) -> Not Def | AQ5: =IF(AV5=1,"No Change","Progression") -> Progression | AV5: =IF(AO4="Not Def",0,IF(AO5=AO4,1,1.2)) -> 0
AG6: PROJECT SCORE | AV6: =AV3*AV4*AV5 -> 0
B7: Category | Y7: Ratio Impacted
B8: Strategic Value Level | F8: =IF(F7="","",VLOOKUP(F7,Lookups!B12:H16,2))
B9: Examples | F9: =IF(F7="","",VLOOKUP(F7,Lookups!B12:H16,4)) | AG9: Stage | AO9: Tasks | AV9: Target | AY9: Completed | BB9: Days to Target
AG10: Idea | AO10: Project Defined | BB10: =IF(AV10=$BK$3,"Missing Target",IF(AY10=$BK$3,IF($AZ$3>AV10,INT($AZ$3-AV10)&" Day(s) Overdue","Incomplete"),IF(AY10>AV10,INT(AY10-AV10)&" Day(s) Late",IF(AY10=AV10,"OK",INT(AV10-AY10)&" Day(s) Ahead")))) -> Missing Target
B11: PROJECT RESOURCES | F11: KEY PERFORMANCE INDICATORS / MEASURES OF SUCCESS | AO11: Business Case approved | BB11: =IF(AV11=$BK$3,"Missing Target",IF(AY11=$BK$3,IF($AZ$3>AV11,INT($AZ$3-AV11)&" Day(s) Overdue","Incomplete"),IF(AY11>AV11,INT(AY11-AV11)&" Day(s) Late",IF(AY11=AV11,"OK",INT(AV11-AY11)&" Day(s) Ahead")))) -> Missing Target
B12: AI Tools & Services | F12: =IF(F7="","",VLOOKUP(F7,Lookups!B12:H16,5)) | O12: =IF(F7="","",VLOOKUP(F7,Lookups!B12:H16,6)) | X12: =IF(F7="","",VLOOKUP(F7,Lookups!B12:H16,7)) | AO12: Resources Allocated | BB12: =IF(AV12=$BK$3,"Missing Target",IF(AY12=$BK$3,IF($AZ$3>AV12,INT($AZ$3-AV12)&" Day(s) Overdue","Incomplete"),IF(AY12>AV12,INT(AY12-AV12)&" Day(s) Late",IF(AY12=AV12,"OK",INT(AV12-AY12)&" Day(s) Ahead")))) -> Missing Target
F13: KPI | G13: Select the primary KPI (Jonas Library) | O13: KPI | P13: Select the primary KPI (Jonas Library) | X13: KPI | Y13: Select the primary KPI (Jonas Library) | AG13: Develop | AO13: Technical PoC validated | BB13: =IF(AV13=$BK$3,"Missing Target",IF(AY13=$BK$3,IF($AZ$3>AV13,INT($AZ$3-AV13)&" Day(s) Overdue","Incomplete"),IF(AY13>AV13,INT(AY13-AV13)&" Day(s) Late",IF(AY13=AV13,"OK",INT(AV13-AY13)&" Day(s) Ahead")))) -> Missing Target
F14: How does this Project support this KPI? | O14: How does this Project support this KPI? | X14: How does this Project support this KPI? | AO14: Dev roadmap documented | BB14: =IF(AV14=$BK$3,"Missing Target",IF(AY14=$BK$3,IF($AZ$3>AV14,INT($AZ$3-AV14)&" Day(s) Overdue","Incomplete"),IF(AY14>AV14,INT(AY14-AV14)&" Day(s) Late",IF(AY14=AV14,"OK",INT(AV14-AY14)&" Day(s) Ahead")))) -> Missing Target
AO15: Coding started | BB15: =IF(AV15=$A$1,"Missing Target",IF(AY15=$A$1,IF($AZ$3>AV15,INT($AZ$3-AV15)&" Day(s) Overdue","Incomplete"),IF(AY15>AV15,INT(AY15-AV15)&" Day(s) Late",IF(AY15=AV15,"OK",INT(AV15-AY15)&" Day(s) Ahead")))) -> Missing Target
AG16: Pilot | AO16: Deployment to beta | BB16: =IF(AV16=$A$1,"Missing Target",IF(AY16=$A$1,IF($AZ$3>AV16,INT($AZ$3-AV16)&" Day(s) Overdue","Incomplete"),IF(AY16>AV16,INT(AY16-AV16)&" Day(s) Late",IF(AY16=AV16,"OK",INT(AV16-AY16)&" Day(s) Ahead")))) -> Missing Target
B17: Contact | AO17: Initial metrics/feedback | BB17: =IF(AV17=$A$1,"Missing Target",IF(AY17=$A$1,IF($AZ$3>AV17,INT($AZ$3-AV17)&" Day(s) Overdue","Incomplete"),IF(AY17>AV17,INT(AY17-AV17)&" Day(s) Late",IF(AY17=AV17,"OK",INT(AV17-AY17)&" Day(s) Ahead")))) -> Missing Target
B18: Prod Mgr | F18: How will you measure the KPI? | O18: How will you measure the KPI? | X18: How will you measure the KPI? | AO18: Feedback affecting code | BB18: =IF(AV18=$A$1,"Missing Target",IF(AY18=$A$1,IF($AZ$3>AV18,INT($AZ$3-AV18)&" Day(s) Overdue","Incomplete"),IF(AY18>AV18,INT(AY18-AV18)&" Day(s) Late",IF(AY18=AV18,"OK",INT(AV18-AY18)&" Day(s) Ahead")))) -> Missing Target
B19: Analyst | AG19: Live | AO19: General release available | BB19: =IF(AV19=$A$1,"Missing Target",IF(AY19=$A$1,IF($AZ$3>AV19,INT($AZ$3-AV19)&" Day(s) Overdue","Incomplete"),IF(AY19>AV19,INT(AY19-AV19)&" Day(s) Late",IF(AY19=AV19,"OK",INT(AV19-AY19)&" Day(s) Ahead")))) -> Missing Target
B20: Tech Lead | AO20: Success mertics tracking | BB20: =IF(AV20=$A$1,"Missing Target",IF(AY20=$A$1,IF($AZ$3>AV20,INT($AZ$3-AV20)&" Day(s) Overdue","Incomplete"),IF(AY20>AV20,INT(AY20-AV20)&" Day(s) Late",IF(AY20=AV20,"OK",INT(AV20-AY20)&" Day(s) Ahead")))) -> Missing Target
B21: Exec | AO21: Feedback loop continuing | BB21: =IF(AV21=$A$1,"Missing Target",IF(AY21=$A$1,IF($AZ$3>AV21,INT($AZ$3-AV21)&" Day(s) Overdue","Incomplete"),IF(AY21>AV21,INT(AY21-AV21)&" Day(s) Late",IF(AY21=AV21,"OK",INT(AV21-AY21)&" Day(s) Ahead")))) -> Missing Target
B23: WEEKLY KPI TRACKER | F23: 1 | G23: =F23+1 -> 2 | H23: =G23+1 -> 3 | I23: =H23+1 -> 4 | J23: =I23+1 -> 5 | K23: =J23+1 -> 6 | L23: =K23+1 -> 7 | M23: =L23+1 -> 8 | N23: =M23+1 -> 9 | ... BE23: =BD23+1 -> 52
B24: Week Ending | F24: =NOW() -> 45957.658 | G24: =F24+7 -> 45964.658 | H24: =G24+7 -> 45971.658 | I24: =H24+7 -> 45978.658 | J24: =I24+7 -> 45985.658 | K24: =J24+7 -> 45992.658 | L24: =K24+7 -> 45999.658 | M24: =L24+7 -> 46006.658 | N24: =M24+7 -> 46013.658 | ... BE24: =BD24+7 -> 46314.658
B25: =G13&" TARGET" -> Select the primary KPI (Jonas Library) TARGET
B26: Actual
B27: Delta | F27: =F26-F25 -> 0 | G27: =G26-G25 -> 0 | H27: =H26-H25 -> 0 | I27: =I26-I25 -> 0 | J27: =J26-J25 -> 0 | K27: =K26-K25 -> 0 | L27: =L26-L25 -> 0 | M27: =M26-M25 -> 0 | ... BE27: =BE26-BE25 -> 0
B29: =P13&" TARGET" -> Select the primary KPI (Jonas Library) TARGET
B30: Actual
B31: Delta | F31: =F30-F29 -> 0 | G31: =G30-G29 -> 0 | H31: =H30-H29 -> 0 | I31: =I30-I29 -> 0 | J31: =J30-J29 -> 0 | K31: =K30-K29 -> 0 | L31: =L30-L29 -> 0 | M31: =M30-M29 -> 0 | ... BE31: =BE30-BE29 -> 0
B33: =Y13&" TARGET" -> Select the primary KPI (Jonas Library) TARGET
B34: Actual
B35: Delta | F35: =F34-F33 -> 0 | G35: =G34-G33 -> 0 | H35: =H34-H33 -> 0 | I35: =I34-I33 -> 0 | J35: =J34-J33 -> 0 | K35: =K34-K33 -> 0 | L35: =L34-L33 -> 0 | M35: =M34-M33 -> 0 | ... BE35: =BE34-BE33 -> 0
B38: Revenue Target | F38: =IF($X$12="Revenue Impact",F33,0) -> 0 | G38: =IF($X$12="Revenue Impact",G33,0) -> 0 | H38: =IF($X$12="Revenue Impact",H33,0) -> 0 | I38: =IF($X$12="Revenue Impact",I33,0) -> 0 | J38: =IF($X$12="Revenue Impact",J33,0) -> 0 | K38: =IF($X$12="Revenue Impact",K33,0) -> 0 | L38: =IF($X$12="Revenue Impact",L33,0) -> 0 | M38: =IF($X$12="Revenue Impact",M33,0) -> 0 | ... BE38: =IF($X$12="Revenue Impact",BE33,0) -> 0
B39: Revenue Actual | F39: =IF($X$12="Revenue Impact",F34,0) -> 0 | G39: =IF($X$12="Revenue Impact",G34,0) -> 0 | H39: =IF($X$12="Revenue Impact",H34,0) -> 0 | I39: =IF($X$12="Revenue Impact",I34,0) -> 0 | J39: =IF($X$12="Revenue Impact",J34,0) -> 0 | K39: =IF($X$12="Revenue Impact",K34,0) -> 0 | L39: =IF($X$12="Revenue Impact",L34,0) -> 0 | M39: =IF($X$12="Revenue Impact",M34,0) -> 0 | ... BE39: =IF($X$12="Revenue Impact",BE34,0) -> 0
B41: Cost Target | F41: =IF($X$12="Cost Savings",F33,0) -> 0 | G41: =IF($X$12="Cost Savings",G33,0) -> 0 | H41: =IF($X$12="Cost Savings",H33,0) -> 0 | I41: =IF($X$12="Cost Savings",I33,0) -> 0 | J41: =IF($X$12="Cost Savings",J33,0) -> 0 | K41: =IF($X$12="Cost Savings",K33,0) -> 0 | L41: =IF($X$12="Cost Savings",L33,0) -> 0 | M41: =IF($X$12="Cost Savings",M33,0) -> 0 | ... BE41: =IF($X$12="Cost Savings",BE33,0) -> 0
B42: Cost Actual | F42: =IF($X$12="Cost Savings",F34,0) -> 0 | G42: =IF($X$12="Cost Savings",G34,0) -> 0 | H42: =IF($X$12="Cost Savings",H34,0) -> 0 | I42: =IF($X$12="Cost Savings",I34,0) -> 0 | J42: =IF($X$12="Cost Savings",J34,0) -> 0 | K42: =IF($X$12="Cost Savings",K34,0) -> 0 | L42: =IF($X$12="Cost Savings",L34,0) -> 0 | M42: =IF($X$12="Cost Savings",M34,0) -> 0 | ... BE42: =IF($X$12="Cost Savings",BE34,0) -> 0
B44: Financial Target | F44: =F38+F41 -> 0 | G44: =G38+G41 -> 0 | H44: =H38+H41 -> 0 | I44: =I38+I41 -> 0 | J44: =J38+J41 -> 0 | K44: =K38+K41 -> 0 | L44: =L38+L41 -> 0 | M44: =M38+M41 -> 0 | ... BE44: =BE38+BE41 -> 0
B45: Financial Actual | F45: =F39+F42 -> 0 | G45: =G39+G42 -> 0 | H45: =H39+H42 -> 0 | I45: =I39+I42 -> 0 | J45: =J39+J42 -> 0 | K45: =K39+K42 -> 0 | L45: =L39+L42 -> 0 | M45: =M39+M42 -> 0 | ... BE45: =BE39+BE42 -> 0
E46: To Date
B47: Current Financial Target | E47: =MAX(F47:BE47) -> 0 | F47: =IF($AZ$3>F24,F44,0) -> 0 | G47: =IF($AZ$3>G24,G44,0) -> 0 | H47: =IF($AZ$3>H24,H44,0) -> 0 | I47: =IF($AZ$3>I24,I44,0) -> 0 | J47: =IF($AZ$3>J24,J44,0) -> 0 | K47: =IF($AZ$3>K24,K44,0) -> 0 | L47: =IF($AZ$3>L24,L44,0) -> 0 | M47: =IF($AZ$3>M24,M44,0) -> 0 | ... BE47: =IF($AZ$3>BE24,BE44,0) -> 0
B48: Current Financial Actual | E48: =MAX(F48:BE48) -> 0 | F48: =IF($AZ$3>F25,F45,0) -> 0 | G48: =IF($AZ$3>G25,G45,0) -> 0 | H48: =IF($AZ$3>H25,H45,0) -> 0 | I48: =IF($AZ$3>I25,I45,0) -> 0 | J48: =IF($AZ$3>J25,J45,0) -> 0 | K48: =IF($AZ$3>K25,K45,0) -> 0 | L48: =IF($AZ$3>L25,L45,0) -> 0 | M48: =IF($AZ$3>M25,M45,0) -> 0 | ... BE48: =IF($AZ$3>BE25,BE45,0) -> 0

Sheet P9
B3: PROJECT | AG3: Strategic Value | AO3: =F8 | AV3: =IF(F7="",0,VLOOKUP(F7,Lookups!B12:H16,3)) -> 0 | AZ3: =NOW() -> 45957.658
AG4: Stage Multiplier (today) | AO4: =VLOOKUP(COUNTIF(AY10:BA21,"<="&AZ3),Table3357[],2) -> Not Def | AV4: =IF(AO4="Not Def",0,VLOOKUP(AO4,Lookups!L4:M8,2)) -> 0 | AZ4: Current Qtr | BC4: =VLOOKUP((YEAR(AZ3)&"-"&MONTH(AZ3)),Lookups!S3:U21,2) -> 2025-Q4
B5: Description (Use Case) | AG5: Stage Last Quarter | AO5: =VLOOKUP(COUNTIF(AY10:BA21,"<"&VLOOKUP(BC4,Lookups!W3:Y9,2)),Table3357[],2) -> Not Def | AQ5: =IF(AV5=1,"No Change","Progression") -> Progression | AV5: =IF(AO4="Not Def",0,IF(AO5=AO4,1,1.2)) -> 0
AG6: PROJECT SCORE | AV6: =AV3*AV4*AV5 -> 0
B7: Category | Y7: Ratio Impacted
B8: Strategic Value Level | F8: =IF(F7="","",VLOOKUP(F7,Lookups!B12:H16,2))
B9: Examples | F9: =IF(F7="","",VLOOKUP(F7,Lookups!B12:H16,4)) | AG9: Stage | AO9: Tasks | AV9: Target | AY9: Completed | BB9: Days to Target
AG10: Idea | AO10: Project Defined | BB10: =IF(AV10=$BK$3,"Missing Target",IF(AY10=$BK$3,IF($AZ$3>AV10,INT($AZ$3-AV10)&" Day(s) Overdue","Incomplete"),IF(AY10>AV10,INT(AY10-AV10)&" Day(s) Late",IF(AY10=AV10,"OK",INT(AV10-AY10)&" Day(s) Ahead")))) -> Missing Target
B11: PROJECT RESOURCES | F11: KEY PERFORMANCE INDICATORS / MEASURES OF SUCCESS | AO11: Business Case approved | BB11: =IF(AV11=$BK$3,"Missing Target",IF(AY11=$BK$3,IF($AZ$3>AV11,INT($AZ$3-AV11)&" Day(s) Overdue","Incomplete"),IF(AY11>AV11,INT(AY11-AV11)&" Day(s) Late",IF(AY11=AV11,"OK",INT(AV11-AY11)&" Day(s) Ahead")))) -> Missing Target
B12: AI Tools & Services | F12: =IF(F7="","",VLOOKUP(F7,Lookups!B12:H16,5)) | O12: =IF(F7="","",VLOOKUP(F7,Lookups!B12:H16,6)) | X12: =IF(F7="","",VLOOKUP(F7,Lookups!B12:H16,7)) | AO12: Resources Allocated | BB12: =IF(AV12=$BK$3,"Missing Target",IF(AY12=$BK$3,IF($AZ$3>AV12,INT($AZ$3-AV12)&" Day(s) Overdue","Incomplete"),IF(AY12>AV12,INT(AY12-AV12)&" Day(s) Late",IF(AY12=AV12,"OK",INT(AV12-AY12)&" Day(s) Ahead")))) -> Missing Target
F13: KPI | G13: Select the primary KPI (Jonas Library) | O13: KPI | P13: Select the primary KPI (Jonas Library) | X13: KPI | Y13: Select the primary KPI (Jonas Library) | AG13: Develop | AO13: Technical PoC validated | BB13: =IF(AV13=$BK$3,"Missing Target",IF(AY13=$BK$3,IF($AZ$3>AV13,INT($AZ$3-AV13)&" Day(s) Overdue","Incomplete"),IF(AY13>AV13,INT(AY13-AV13)&" Day(s) Late",IF(AY13=AV13,"OK",INT(AV13-AY13)&" Day(s) Ahead")))) -> Missing Target
F14: How does this Project support this KPI? | O14: How does this Project support this KPI? | X14: How does this Project support this KPI? | AO14: Dev roadmap documented | BB14: =IF(AV14=$BK$3,"Missing Target",IF(AY14=$BK$3,IF($AZ$3>AV14,INT($AZ$3-AV14)&" Day(s) Overdue","Incomplete"),IF(AY14>AV14,INT(AY14-AV14)&" Day(s) Late",IF(AY14=AV14,"OK",INT(AV14-AY14)&" Day(s) Ahead")))) -> Missing Target
AO15: Coding started | BB15: =IF(AV15=$A$1,"Missing Target",IF(AY15=$A$1,IF($AZ$3>AV15,INT($AZ$3-AV15)&" Day(s) Overdue","Incomplete"),IF(AY15>AV15,INT(AY15-AV15)&" Day(s) Late",IF(AY15=AV15,"OK",INT(AV15-AY15)&" Day(s) Ahead")))) -> Missing Target
AG16: Pilot | AO16: Deployment to beta | BB16: =IF(AV16=$A$1,"Missing Target",IF(AY16=$A$1,IF($AZ$3>AV16,INT($AZ$3-AV16)&" Day(s) Overdue","Incomplete"),IF(AY16>AV16,INT(AY16-AV16)&" Day(s) Late",IF(AY16=AV16,"OK",INT(AV16-AY16)&" Day(s) Ahead")))) -> Missing Target
B17: Contact | AO17: Initial metrics/feedback | BB17: =IF(AV17=$A$1,"Missing Target",IF(AY17=$A$1,IF($AZ$3>AV17,INT($AZ$3-AV17)&" Day(s) Overdue","Incomplete"),IF(AY17>AV17,INT(AY17-AV17)&" Day(s) Late",IF(AY17=AV17,"OK",INT(AV17-AY17)&" Day(s) Ahead")))) -> Missing Target
B18: Prod Mgr | F18: How will you measure the KPI? | O18: How will you measure the KPI? | X18: How will you measure the KPI? | AO18: Feedback affecting code | BB18: =IF(AV18=$A$1,"Missing Target",IF(AY18=$A$1,IF($AZ$3>AV18,INT($AZ$3-AV18)&" Day(s) Overdue","Incomplete"),IF(AY18>AV18,INT(AY18-AV18)&" Day(s) Late",IF(AY18=AV18,"OK",INT(AV18-AY18)&" Day(s) Ahead")))) -> Missing Target
B19: Analyst | AG19: Live | AO19: General release available | BB19: =IF(AV19=$A$1,"Missing Target",IF(AY19=$A$1,IF($AZ$3>AV19,INT($AZ$3-AV19)&" Day(s) Overdue","Incomplete"),IF(AY19>AV19,INT(AY19-AV19)&" Day(s) Late",IF(AY19=AV19,"OK",INT(AV19-AY19)&" Day(s) Ahead")))) -> Missing Target
B20: Tech Lead | AO20: Success mertics tracking | BB20: =IF(AV20=$A$1,"Missing Target",IF(AY20=$A$1,IF($AZ$3>AV20,INT($AZ$3-AV20)&" Day(s) Overdue","Incomplete"),IF(AY20>AV20,INT(AY20-AV20)&" Day(s) Late",IF(AY20=AV20,"OK",INT(AV20-AY20)&" Day(s) Ahead")))) -> Missing Target
B21: Exec | AO21: Feedback loop continuing | BB21: =IF(AV21=$A$1,"Missing Target",IF(AY21=$A$1,IF($AZ$3>AV21,INT($AZ$3-AV21)&" Day(s) Overdue","Incomplete"),IF(AY21>AV21,INT(AY21-AV21)&" Day(s) Late",IF(AY21=AV21,"OK",INT(AV21-AY21)&" Day(s) Ahead")))) -> Missing Target
B23: WEEKLY KPI TRACKER | F23: 1 | G23: =F23+1 -> 2 | H23: =G23+1 -> 3 | I23: =H23+1 -> 4 | J23: =I23+1 -> 5 | K23: =J23+1 -> 6 | L23: =K23+1 -> 7 | M23: =L23+1 -> 8 | N23: =M23+1 -> 9 | ... BE23: =BD23+1 -> 52
B24: Week Ending | F24: =NOW() -> 45957.658 | G24: =F24+7 -> 45964.658 | H24: =G24+7 -> 45971.658 | I24: =H24+7 -> 45978.658 | J24: =I24+7 -> 45985.658 | K24: =J24+7 -> 45992.658 | L24: =K24+7 -> 45999.658 | M24: =L24+7 -> 46006.658 | N24: =M24+7 -> 46013.658 | ... BE24: =BD24+7 -> 46314.658
B25: =G13&" TARGET" -> Select the primary KPI (Jonas Library) TARGET
B26: Actual
B27: Delta | F27: =F26-F25 -> 0 | G27: =G26-G25 -> 0 | H27: =H26-H25 -> 0 | I27: =I26-I25 -> 0 | J27: =J26-J25 -> 0 | K27: =K26-K25 -> 0 | L27: =L26-L25 -> 0 | M27: =M26-M25 -> 0 | ... BE27: =BE26-BE25 -> 0
B29: =P13&" TARGET" -> Select the primary KPI (Jonas Library) TARGET
B30: Actual
B31: Delta | F31: =F30-F29 -> 0 | G31: =G30-G29 -> 0 | H31: =H30-H29 -> 0 | I31: =I30-I29 -> 0 | J31: =J30-J29 -> 0 | K31: =K30-K29 -> 0 | L31: =L30-L29 -> 0 | M31: =M30-M29 -> 0 | ... BE31: =BE30-BE29 -> 0
B33: =Y13&" TARGET" -> Select the primary KPI (Jonas Library) TARGET
B34: Actual
B35: Delta | F35: =F34-F33 -> 0 | G35: =G34-G33 -> 0 | H35: =H34-H33 -> 0 | I35: =I34-I33 -> 0 | J35: =J34-J33 -> 0 | K35: =K34-K33 -> 0 | L35: =L34-L33 -> 0 | M35: =M34-M33 -> 0 | ... BE35: =BE34-BE33 -> 0
B38: Revenue Target | F38: =IF($X$12="Revenue Impact",F33,0) -> 0 | G38: =IF($X$12="Revenue Impact",G33,0) -> 0 | H38: =IF($X$12="Revenue Impact",H33,0) -> 0 | I38: =IF($X$12="Revenue Impact",I33,0) -> 0 | J38: =IF($X$12="Revenue Impact",J33,0) -> 0 | K38: =IF($X$12="Revenue Impact",K33,0) -> 0 | L38: =IF($X$12="Revenue Impact",L33,0) -> 0 | M38: =IF($X$12="Revenue Impact",M33,0) -> 0 | ... BE38: =IF($X$12="Revenue Impact",BE33,0) -> 0
B39: Revenue Actual | F39: =IF($X$12="Revenue Impact",F34,0) -> 0 | G39: =IF($X$12="Revenue Impact",G34,0) -> 0 | H39: =IF($X$12="Revenue Impact",H34,0) -> 0 | I39: =IF($X$12="Revenue Impact",I34,0) -> 0 | J39: =IF($X$12="Revenue Impact",J34,0) -> 0 | K39: =IF($X$12="Revenue Impact",K34,0) -> 0 | L39: =IF($X$12="Revenue Impact",L34,0) -> 0 | M39: =IF($X$12="Revenue Impact",M34,0) -> 0 | ... BE39: =IF($X$12="Revenue Impact",BE34,0) -> 0
B41: Cost Target | F41: =IF($X$12="Cost Savings",F33,0) -> 0 | G41: =IF($X$12="Cost Savings",G33,0) -> 0 | H41: =IF($X$12="Cost Savings",H33,0) -> 0 | I41: =IF($X$12="Cost Savings",I33,0) -> 0 | J41: =IF($X$12="Cost Savings",J33,0) -> 0 | K41: =IF($X$12="Cost Savings",K33,0) -> 0 | L41: =IF($X$12="Cost Savings",L33,0) -> 0 | M41: =IF($X$12="Cost Savings",M33,0) -> 0 | ... BE41: =IF($X$12="Cost Savings",BE33,0) -> 0
B42: Cost Actual | F42: =IF($X$12="Cost Savings",F34,0) -> 0 | G42: =IF($X$12="Cost Savings",G34,0) -> 0 | H42: =IF($X$12="Cost Savings",H34,0) -> 0 | I42: =IF($X$12="Cost Savings",I34,0) -> 0 | J42: =IF($X$12="Cost Savings",J34,0) -> 0 | K42: =IF($X$12="Cost Savings",K34,0) -> 0 | L42: =IF($X$12="Cost Savings",L34,0) -> 0 | M42: =IF($X$12="Cost Savings",M34,0) -> 0 | ... BE42: =IF($X$12="Cost Savings",BE34,0) -> 0
B44: Financial Target | F44: =F38+F41 -> 0 | G44: =G38+G41 -> 0 | H44: =H38+H41 -> 0 | I44: =I38+I41 -> 0 | J44: =J38+J41 -> 0 | K44: =K38+K41 -> 0 | L44: =L38+L41 -> 0 | M44: =M38+M41 -> 0 | ... BE44: =BE38+BE41 -> 0
B45: Financial Actual | F45: =F39+F42 -> 0 | G45: =G39+G42 -> 0 | H45: =H39+H42 -> 0 | I45: =I39+I42 -> 0 | J45: =J39+J42 -> 0 | K45: =K39+K42 -> 0 | L45: =L39+L42 -> 0 | M45: =M39+M42 -> 0 | ... BE45: =BE39+BE42 -> 0
E46: To Date
B47: Current Financial Target | E47: =MAX(F47:BE47) -> 0 | F47: =IF($AZ$3>F24,F44,0) -> 0 | G47: =IF($AZ$3>G24,G44,0) -> 0 | H47: =IF($AZ$3>H24,H44,0) -> 0 | I47: =IF($AZ$3>I24,I44,0) -> 0 | J47: =IF($AZ$3>J24,J44,0) -> 0 | K47: =IF($AZ$3>K24,K44,0) -> 0 | L47: =IF($AZ$3>L24,L44,0) -> 0 | M47: =IF($AZ$3>M24,M44,0) -> 0 | ... BE47: =IF($AZ$3>BE24,BE44,0) -> 0
B48: Current Financial Actual | E48: =MAX(F48:BE48) -> 0 | F48: =IF($AZ$3>F25,F45,0) -> 0 | G48: =IF($AZ$3>G25,G45,0) -> 0 | H48: =IF($AZ$3>H25,H45,0) -> 0 | I48: =IF($AZ$3>I25,I45,0) -> 0 | J48: =IF($AZ$3>J25,J45,0) -> 0 | K48: =IF($AZ$3>K25,K45,0) -> 0 | L48: =IF($AZ$3>L25,L45,0) -> 0 | M48: =IF($AZ$3>M25,M45,0) -> 0 | ... BE48: =IF($AZ$3>BE25,BE45,0) -> 0

Sheet P10
B3: PROJECT | AG3: Strategic Value | AO3: =F8 | AV3: =IF(F7="",0,VLOOKUP(F7,Lookups!B12:H16,3)) -> 0 | AZ3: =NOW() -> 45957.658
AG4: Stage Multiplier (today) | AO4: =VLOOKUP(COUNTIF(AY10:BA21,"<="&AZ3),Table3357[],2) -> Not Def | AV4: =IF(AO4="Not Def",0,VLOOKUP(AO4,Lookups!L4:M8,2)) -> 0 | AZ4: Current Qtr | BC4: =VLOOKUP((YEAR(AZ3)&"-"&MONTH(AZ3)),Lookups!S3:U21,2) -> 2025-Q4
B5: Description (Use Case) | AG5: Stage Last Quarter | AO5: =VLOOKUP(COUNTIF(AY10:BA21,"<"&VLOOKUP(BC4,Lookups!W3:Y9,2)),Table3357[],2) -> Not Def | AQ5: =IF(AV5=1,"No Change","Progression") -> Progression | AV5: =IF(AO4="Not Def",0,IF(AO5=AO4,1,1.2)) -> 0
AG6: PROJECT SCORE | AV6: =AV3*AV4*AV5 -> 0
B7: Category | Y7: Ratio Impacted
B8: Strategic Value Level | F8: =IF(F7="","",VLOOKUP(F7,Lookups!B12:H16,2))
B9: Examples | F9: =IF(F7="","",VLOOKUP(F7,Lookups!B12:H16,4)) | AG9: Stage | AO9: Tasks | AV9: Target | AY9: Completed | BB9: Days to Target
AG10: Idea | AO10: Project Defined | BB10: =IF(AV10=$BK$3,"Missing Target",IF(AY10=$BK$3,IF($AZ$3>AV10,INT($AZ$3-AV10)&" Day(s) Overdue","Incomplete"),IF(AY10>AV10,INT(AY10-AV10)&" Day(s) Late",IF(AY10=AV10,"OK",INT(AV10-AY10)&" Day(s) Ahead")))) -> Missing Target
B11: PROJECT RESOURCES | F11: KEY PERFORMANCE INDICATORS / MEASURES OF SUCCESS | AO11: Business Case approved | BB11: =IF(AV11=$BK$3,"Missing Target",IF(AY11=$BK$3,IF($AZ$3>AV11,INT($AZ$3-AV11)&" Day(s) Overdue","Incomplete"),IF(AY11>AV11,INT(AY11-AV11)&" Day(s) Late",IF(AY11=AV11,"OK",INT(AV11-AY11)&" Day(s) Ahead")))) -> Missing Target
B12: AI Tools & Services | F12: =IF(F7="","",VLOOKUP(F7,Lookups!B12:H16,5)) | O12: =IF(F7="","",VLOOKUP(F7,Lookups!B12:H16,6)) | X12: =IF(F7="","",VLOOKUP(F7,Lookups!B12:H16,7)) | AO12: Resources Allocated | BB12: =IF(AV12=$BK$3,"Missing Target",IF(AY12=$BK$3,IF($AZ$3>AV12,INT($AZ$3-AV12)&" Day(s) Overdue","Incomplete"),IF(AY12>AV12,INT(AY12-AV12)&" Day(s) Late",IF(AY12=AV12,"OK",INT(AV12-AY12)&" Day(s) Ahead")))) -> Missing Target
F13: KPI | G13: Select the primary KPI (Jonas Library) | O13: KPI | P13: Select the primary KPI (Jonas Library) | X13: KPI | Y13: Select the primary KPI (Jonas Library) | AG13: Develop | AO13: Technical PoC validated | BB13: =IF(AV13=$BK$3,"Missing Target",IF(AY13=$BK$3,IF($AZ$3>AV13,INT($AZ$3-AV13)&" Day(s) Overdue","Incomplete"),IF(AY13>AV13,INT(AY13-AV13)&" Day(s) Late",IF(AY13=AV13,"OK",INT(AV13-AY13)&" Day(s) Ahead")))) -> Missing Target
F14: How does this Project support this KPI? | O14: How does this Project support this KPI? | X14: How does this Project support this KPI? | AO14: Dev roadmap documented | BB14: =IF(AV14=$BK$3,"Missing Target",IF(AY14=$BK$3,IF($AZ$3>AV14,INT($AZ$3-AV14)&" Day(s) Overdue","Incomplete"),IF(AY14>AV14,INT(AY14-AV14)&" Day(s) Late",IF(AY14=AV14,"OK",INT(AV14-AY14)&" Day(s) Ahead")))) -> Missing Target
AO15: Coding started | BB15: =IF(AV15=$A$1,"Missing Target",IF(AY15=$A$1,IF($AZ$3>AV15,INT($AZ$3-AV15)&" Day(s) Overdue","Incomplete"),IF(AY15>AV15,INT(AY15-AV15)&" Day(s) Late",IF(AY15=AV15,"OK",INT(AV15-AY15)&" Day(s) Ahead")))) -> Missing Target
AG16: Pilot | AO16: Deployment to beta | BB16: =IF(AV16=$A$1,"Missing Target",IF(AY16=$A$1,IF($AZ$3>AV16,INT($AZ$3-AV16)&" Day(s) Overdue","Incomplete"),IF(AY16>AV16,INT(AY16-AV16)&" Day(s) Late",IF(AY16=AV16,"OK",INT(AV16-AY16)&" Day(s) Ahead")))) -> Missing Target
B17: Contact | AO17: Initial metrics/feedback | BB17: =IF(AV17=$A$1,"Missing Target",IF(AY17=$A$1,IF($AZ$3>AV17,INT($AZ$3-AV17)&" Day(s) Overdue","Incomplete"),IF(AY17>AV17,INT(AY17-AV17)&" Day(s) Late",IF(AY17=AV17,"OK",INT(AV17-AY17)&" Day(s) Ahead")))) -> Missing Target
B18: Prod Mgr | F18: How will you measure the KPI? | O18: How will you measure the KPI? | X18: How will you measure the KPI? | AO18: Feedback affecting code | BB18: =IF(AV18=$A$1,"Missing Target",IF(AY18=$A$1,IF($AZ$3>AV18,INT($AZ$3-AV18)&" Day(s) Overdue","Incomplete"),IF(AY18>AV18,INT(AY18-AV18)&" Day(s) Late",IF(AY18=AV18,"OK",INT(AV18-AY18)&" Day(s) Ahead")))) -> Missing Target
B19: Analyst | AG19: Live | AO19: General release available | BB19: =IF(AV19=$A$1,"Missing Target",IF(AY19=$A$1,IF($AZ$3>AV19,INT($AZ$3-AV19)&" Day(s) Overdue","Incomplete"),IF(AY19>AV19,INT(AY19-AV19)&" Day(s) Late",IF(AY19=AV19,"OK",INT(AV19-AY19)&" Day(s) Ahead")))) -> Missing Target
B20: Tech Lead | AO20: Success mertics tracking | BB20: =IF(AV20=$A$1,"Missing Target",IF(AY20=$A$1,IF($AZ$3>AV20,INT($AZ$3-AV20)&" Day(s) Overdue","Incomplete"),IF(AY20>AV20,INT(AY20-AV20)&" Day(s) Late",IF(AY20=AV20,"OK",INT(AV20-AY20)&" Day(s) Ahead")))) -> Missing Target
B21: Exec | AO21: Feedback loop continuing | BB21: =IF(AV21=$A$1,"Missing Target",IF(AY21=$A$1,IF($AZ$3>AV21,INT($AZ$3-AV21)&" Day(s) Overdue","Incomplete"),IF(AY21>AV21,INT(AY21-AV21)&" Day(s) Late",IF(AY21=AV21,"OK",INT(AV21-AY21)&" Day(s) Ahead")))) -> Missing Target
B23: WEEKLY KPI TRACKER | F23: 1 | G23: =F23+1 -> 2 | H23: =G23+1 -> 3 | I23: =H23+1 -> 4 | J23: =I23+1 -> 5 | K23: =J23+1 -> 6 | L23: =K23+1 -> 7 | M23: =L23+1 -> 8 | N23: =M23+1 -> 9 | ... BE23: =BD23+1 -> 52
B24: Week Ending | F24: =NOW() -> 45957.658 | G24: =F24+7 -> 45964.658 | H24: =G24+7 -> 45971.658 | I24: =H24+7 -> 45978.658 | J24: =I24+7 -> 45985.658 | K24: =J24+7 -> 45992.658 | L24: =K24+7 -> 45999.658 | M24: =L24+7 -> 46006.658 | N24: =M24+7 -> 46013.658 | ... BE24: =BD24+7 -> 46314.658
B25: =G13&" TARGET" -> Select the primary KPI (Jonas Library) TARGET
B26: Actual
B27: Delta | F27: =F26-F25 -> 0 | G27: =G26-G25 -> 0 | H27: =H26-H25 -> 0 | I27: =I26-I25 -> 0 | J27: =J26-J25 -> 0 | K27: =K26-K25 -> 0 | L27: =L26-L25 -> 0 | M27: =M26-M25 -> 0 | ... BE27: =BE26-BE25 -> 0
B29: =P13&" TARGET" -> Select the primary KPI (Jonas Library) TARGET
B30: Actual
B31: Delta | F31: =F30-F29 -> 0 | G31: =G30-G29 -> 0 | H31: =H30-H29 -> 0 | I31: =I30-I29 -> 0 | J31: =J30-J29 -> 0 | K31: =K30-K29 -> 0 | L31: =L30-L29 -> 0 | M31: =M30-M29 -> 0 | ... BE31: =BE30-BE29 -> 0
B33: =Y13&" TARGET" -> Select the primary KPI (Jonas Library) TARGET
B34: Actual
B35: Delta | F35: =F34-F33 -> 0 | G35: =G34-G33 -> 0 | H35: =H34-H33 -> 0 | I35: =I34-I33 -> 0 | J35: =J34-J33 -> 0 | K35: =K34-K33 -> 0 | L35: =L34-L33 -> 0 | M35: =M34-M33 -> 0 | ... BE35: =BE34-BE33 -> 0
B38: Revenue Target | F38: =IF($X$12="Revenue Impact",F33,0) -> 0 | G38: =IF($X$12="Revenue Impact",G33,0) -> 0 | H38: =IF($X$12="Revenue Impact",H33,0) -> 0 | I38: =IF($X$12="Revenue Impact",I33,0) -> 0 | J38: =IF($X$12="Revenue Impact",J33,0) -> 0 | K38: =IF($X$12="Revenue Impact",K33,0) -> 0 | L38: =IF($X$12="Revenue Impact",L33,0) -> 0 | M38: =IF($X$12="Revenue Impact",M33,0) -> 0 | ... BE38: =IF($X$12="Revenue Impact",BE33,0) -> 0
B39: Revenue Actual | F39: =IF($X$12="Revenue Impact",F34,0) -> 0 | G39: =IF($X$12="Revenue Impact",G34,0) -> 0 | H39: =IF($X$12="Revenue Impact",H34,0) -> 0 | I39: =IF($X$12="Revenue Impact",I34,0) -> 0 | J39: =IF($X$12="Revenue Impact",J34,0) -> 0 | K39: =IF($X$12="Revenue Impact",K34,0) -> 0 | L39: =IF($X$12="Revenue Impact",L34,0) -> 0 | M39: =IF($X$12="Revenue Impact",M34,0) -> 0 | ... BE39: =IF($X$12="Revenue Impact",BE34,0) -> 0
B41: Cost Target | F41: =IF($X$12="Cost Savings",F33,0) -> 0 | G41: =IF($X$12="Cost Savings",G33,0) -> 0 | H41: =IF($X$12="Cost Savings",H33,0) -> 0 | I41: =IF($X$12="Cost Savings",I33,0) -> 0 | J41: =IF($X$12="Cost Savings",J33,0) -> 0 | K41: =IF($X$12="Cost Savings",K33,0) -> 0 | L41: =IF($X$12="Cost Savings",L33,0) -> 0 | M41: =IF($X$12="Cost Savings",M33,0) -> 0 | ... BE41: =IF($X$12="Cost Savings",BE33,0) -> 0
B42: Cost Actual | F42: =IF($X$12="Cost Savings",F34,0) -> 0 | G42: =IF($X$12="Cost Savings",G34,0) -> 0 | H42: =IF($X$12="Cost Savings",H34,0) -> 0 | I42: =IF($X$12="Cost Savings",I34,0) -> 0 | J42: =IF($X$12="Cost Savings",J34,0) -> 0 | K42: =IF($X$12="Cost Savings",K34,0) -> 0 | L42: =IF($X$12="Cost Savings",L34,0) -> 0 | M42: =IF($X$12="Cost Savings",M34,0) -> 0 | ... BE42: =IF($X$12="Cost Savings",BE34,0) -> 0
B44: Financial Target | F44: =F38+F41 -> 0 | G44: =G38+G41 -> 0 | H44: =H38+H41 -> 0 | I44: =I38+I41 -> 0 | J44: =J38+J41 -> 0 | K44: =K38+K41 -> 0 | L44: =L38+L41 -> 0 | M44: =M38+M41 -> 0 | ... BE44: =BE38+BE41 -> 0
B45: Financial Actual | F45: =F39+F42 -> 0 | G45: =G39+G42 -> 0 | H45: =H39+H42 -> 0 | I45: =I39+I42 -> 0 | J45: =J39+J42 -> 0 | K45: =K39+K42 -> 0 | L45: =L39+L42 -> 0 | M45: =M39+M42 -> 0 | ... BE45: =BE39+BE42 -> 0
E46: To Date
B47: Current Financial Target | E47: =MAX(F47:BE47) -> 0 | F47: =IF($AZ$3>F24,F44,0) -> 0 | G47: =IF($AZ$3>G24,G44,0) -> 0 | H47: =IF($AZ$3>H24,H44,0) -> 0 | I47: =IF($AZ$3>I24,I44,0) -> 0 | J47: =IF($AZ$3>J24,J44,0) -> 0 | K47: =IF($AZ$3>K24,K44,0) -> 0 | L47: =IF($AZ$3>L24,L44,0) -> 0 | M47: =IF($AZ$3>M24,M44,0) -> 0 | ... BE47: =IF($AZ$3>BE24,BE44,0) -> 0
B48: Current Financial Actual | E48: =MAX(F48:BE48) -> 0 | F48: =IF($AZ$3>F25,F45,0) -> 0 | G48: =IF($AZ$3>G25,G45,0) -> 0 | H48: =IF($AZ$3>H25,H45,0) -> 0 | I48: =IF($AZ$3>I25,I45,0) -> 0 | J48: =IF($AZ$3>J25,J45,0) -> 0 | K48: =IF($AZ$3>K25,K45,0) -> 0 | L48: =IF($AZ$3>L25,L45,0) -> 0 | M48: =IF($AZ$3>M25,M45,0) -> 0 | ... BE48: =IF($AZ$3>BE25,BE45,0) -> 0

Sheet Project Data
B2: # | C2: Project | D2: Description | E2: Category | F2: Strategic Value Level | G2: AI Tools & Services | H2: Contact | I2: Prod Mgr | J2: Analyst | K2: Tech Lead | L2: Exec | M2: KPI1 | N2: KPI1-Jonas | O2: KPI 1-Notes | P2: KPI1- Measure | Q2: KPI2 | R2: KPI2-Jonas | S2: KPI 1-Notes | T2: KPI2- Measure | U2: KPI3 | V2: KPI3-Jonas | W2: KPI 1-Notes | X2: KPI3- Measure | Y2: Strategic Value | Z2: Stage | AA2: Stage Multiplier (today) | AB2: Stage Last Quarter | AC2: Progression Value | AD2: Score | AE2: Project Defined TGT | AF2: Business Case approved TGT | AG2: Resources Allocated TGT | AH2: Technical PoC validated TGT | AI2: Dev roadmap documented TGT | AJ2: Coding started TGT | AK2: Deployment to beta TGT | AL2: Initial metrics/feedback TGT | AM2: Feedback affecting code TGT | AN2: General release available TGT | AO2: Success mertics tracking TGT | AP2: Feedback loop continuing TGT | AQ2: Project Defined ACT | AR2: Business Case approved ACT | AS2: Resources Allocated ACT | AT2: Technical PoC validated ACT | AU2: Dev roadmap documented ACT | AV2: Coding started ACT | AW2: Deployment to beta ACT | AX2: Initial metrics/feedback ACT | AY2: Feedback affecting code ACT | AZ2: General release available ACT | BA2: Success mertics tracking ACT | BB2: Feedback loop continuing ACT | BC2: KPI1TGT-1 | BD2: KPI1TGT-2 | BE2: KPI1TGT-3 | BF2: KPI1TGT-4 | BG2: KPI1TGT-5 | BH2: KPI1TGT-6 | BI2: KPI1TGT-7 | BJ2: KPI1TGT-8 | BK2: KPI1TGT-9 | BL2: KPI1TGT-10 | BM2: KPI1TGT-11 | BN2: KPI1TGT-12 | BO2: KPI1TGT-13 | BP2: KPI1TGT-14 | BQ2: KPI1TGT-15 | BR2: KPI1TGT-16 | BS2: KPI1TGT-17 | BT2: KPI1TGT-18 | BU2: KPI1TGT-19 | BV2: KPI1TGT-20 | BW2: KPI1TGT-21 | BX2: KPI1TGT-22 | BY2: KPI1TGT-23 | BZ2: KPI1TGT-24 | CA2: KPI1TGT-25 | CB2: KPI1TGT-26 | CC2: KPI1TGT-27 | CD2: KPI1TGT-28 | CE2: KPI1TGT-29 | CF2: KPI1TGT-30 | CG2: KPI1TGT-31 | CH2: KPI1TGT-32 | CI2: KPI1TGT-33 | CJ2: KPI1TGT-34 | CK2: KPI1TGT-35 | CL2: KPI1TGT-36 | CM2: KPI1TGT-37 | CN2: KPI1TGT-38 | CO2: KPI1TGT-39 | CP2: KPI1TGT-40 | CQ2: KPI1TGT-41 | CR2: KPI1TGT-42 | CS2: KPI1TGT-43 | CT2: KPI1TGT-44 | CU2: KPI1TGT-45 | CV2: KPI1TGT-46 | CW2: KPI1TGT-47 | CX2: KPI1TGT-48 | CY2: KPI1TGT-49 | CZ2: KPI1TGT-50 | DA2: KPI1TGT-51 | DB2: KPI1TGT-52 | DC2: KPI1ACT-1 | DD2: KPI1ACT-2 | DE2: KPI1ACT-3 | DF2: KPI1ACT-4 | DG2: KPI1ACT-5 | DH2: KPI1ACT-6 | DI2: KPI1ACT-7 | DJ2: KPI1ACT-8 | DK2: KPI1ACT-9 | DL2: KPI1ACT-10 | DM2: KPI1ACT-11 | DN2: KPI1ACT-12 | DO2: KPI1ACT-13 | DP2: KPI1ACT-14 | DQ2: KPI1ACT-15 | DR2: KPI1ACT-16 | DS2: KPI1ACT-17 | DT2: KPI1ACT-18 | DU2: KPI1ACT-19 | DV2: KPI1ACT-20 | DW2: KPI1ACT-21 | DX2: KPI1ACT-22 | DY2: KPI1ACT-23 | DZ2: KPI1ACT-24 | EA2: KPI1ACT-25 | EB2: KPI1ACT-26 | EC2: KPI1ACT-27 | ED2: KPI1ACT-28 | EE2: KPI1ACT-29 | EF2: KPI1ACT-30 | EG2: KPI1ACT-31 | EH2: KPI1ACT-32 | EI2: KPI1ACT-33 | EJ2: KPI1ACT-34 | EK2: KPI1ACT-35 | EL2: KPI1ACT-36 | EM2: KPI1ACT-37 | EN2: KPI1ACT-38 | EO2: KPI1ACT-39 | EP2: KPI1ACT-40 | EQ2: KPI1ACT-41 | ER2: KPI1ACT-42 | ES2: KPI1ACT-43 | ET2: KPI1ACT-44 | EU2: KPI1ACT-45 | EV2: KPI1ACT-46 | EW2: KPI1ACT-47 | EX2: KPI1ACT-48 | EY2: KPI1ACT-49 | EZ2: KPI1ACT-50 | FA2: KPI1ACT-51 | FB2: KPI1ACT-52 | FC2: KPI1Diff-1 | FD2: KPI1Diff-2 | FE2: KPI1Diff-3 | FF2: KPI1Diff-4 | FG2: KPI1Diff-5 | FH2: KPI1Diff-6 | FI2: KPI1Diff-7 | FJ2: KPI1Diff-8 | FK2: KPI1Diff-9 | FL2: KPI1Diff-10 | FM2: KPI1Diff-11 | FN2: KPI1Diff-12 | FO2: KPI1Diff-13 | FP2: KPI1Diff-14 | FQ2: KPI1Diff-15 | FR2: KPI1Diff-16 | FS2: KPI1Diff-17 | FT2: KPI1Diff-18 | FU2: KPI1Diff-19 | FV2: KPI1Diff-20 | FW2: KPI1Diff-21 | FX2: KPI1Diff-22 | FY2: KPI1Diff-23 | FZ2: KPI1Diff-24 | GA2: KPI1Diff-25 | GB2: KPI1Diff-26 | GC2: KPI1Diff-27 | GD2: KPI1Diff-28 | GE2: KPI1Diff-29 | GF2: KPI1Diff-30 | GG2: KPI1Diff-31 | GH2: KPI1Diff-32 | GI2: KPI1Diff-33 | GJ2: KPI1Diff-34 | GK2: KPI1Diff-35 | GL2: KPI1Diff-36 | GM2: KPI1Diff-37 | GN2: KPI1Diff-38 | GO2: KPI1Diff-39 | GP2: KPI1Diff-40 | GQ2: KPI1Diff-41 | GR2: KPI1Diff-42 | GS2: KPI1Diff-43 | GT2: KPI1Diff-44 | GU2: KPI1Diff-45 | GV2: KPI1Diff-46 | GW2: KPI1Diff-47 | GX2: KPI1Diff-48 | GY2: KPI1Diff-49 | GZ2: KPI1Diff-50 | HA2: KPI1Diff-51 | HB2: KPI1Diff-52 | HC2: KPI2TGT-1 | HD2: KPI2TGT-2 | HE2: KPI2TGT-3 | HF2: KPI2TGT-4 | HG2: KPI2TGT-5 | HH2: KPI2TGT-6 | HI2: KPI2TGT-7 | HJ2: KPI2TGT-8 | HK2: KPI2TGT-9 | HL2: KPI2TGT-10 | HM2: KPI2TGT-11 | HN2: KPI2TGT-12 | HO2: KPI2TGT-13 | HP2: KPI2TGT-14 | HQ2: KPI2TGT-15 | HR2: KPI2TGT-16 | HS2: KPI2TGT-17 | HT2: KPI2TGT-18 | HU2: KPI2TGT-19 | HV2: KPI2TGT-20 | HW2: KPI2TGT-21 | HX2: KPI2TGT-22 | HY2: KPI2TGT-23 | HZ2: KPI2TGT-24 | IA2: KPI2TGT-25 | IB2: KPI2TGT-26 | IC2: KPI2TGT-27 | ID2: KPI2TGT-28 | IE2: KPI2TGT-29 | IF2: KPI2TGT-30 | IG2: KPI2TGT-31 | IH2: KPI2TGT-32 | II2: KPI2TGT-33 | IJ2: KPI2TGT-34 | IK2: KPI2TGT-35 | IL2: KPI2TGT-36 | IM2: KPI2TGT-37 | IN2: KPI2TGT-38 | IO2: KPI2TGT-39 | IP2: KPI2TGT-40 | IQ2: KPI2TGT-41 | IR2: KPI2TGT-42 | IS2: KPI2TGT-43 | IT2: KPI2TGT-44 | IU2: KPI2TGT-45 | IV2: KPI2TGT-46 | IW2: KPI2TGT-47 | IX2: KPI2TGT-48 | IY2: KPI2TGT-49 | IZ2: KPI2TGT-50 | JA2: KPI2TGT-51 | JB2: KPI2TGT-52 | JC2: KPI2ACT-1 | JD2: KPI2ACT-2 | JE2: KPI2ACT-3 | JF2: KPI2ACT-4 | JG2: KPI2ACT-5 | JH2: KPI2ACT-6 | JI2: KPI2ACT-7 | JJ2: KPI2ACT-8 | JK2: KPI2ACT-9 | JL2: KPI2ACT-10 | JM2: KPI2ACT-11 | JN2: KPI2ACT-12 | JO2: KPI2ACT-13 | JP2: KPI2ACT-14 | JQ2: KPI2ACT-15 | JR2: KPI2ACT-16 | JS2: KPI2ACT-17 | JT2: KPI2ACT-18 | JU2: KPI2ACT-19 | JV2: KPI2ACT-20 | JW2: KPI2ACT-21 | JX2: KPI2ACT-22 | JY2: KPI2ACT-23 | JZ2: KPI2ACT-24 | KA2: KPI2ACT-25 | KB2: KPI2ACT-26 | KC2: KPI2ACT-27 | KD2: KPI2ACT-28 | KE2: KPI2ACT-29 | KF2: KPI2ACT-30 | KG2: KPI2ACT-31 | KH2: KPI2ACT-32 | KI2: KPI2ACT-33 | KJ2: KPI2ACT-34 | KK2: KPI2ACT-35 | KL2: KPI2ACT-36 | KM2: KPI2ACT-37 | KN2: KPI2ACT-38 | KO2: KPI2ACT-39 | KP2: KPI2ACT-40 | KQ2: KPI2ACT-41 | KR2: KPI2ACT-42 | KS2: KPI2ACT-43 | KT2: KPI2ACT-44 | KU2: KPI2ACT-45 | KV2: KPI2ACT-46 | KW2: KPI2ACT-47 | KX2: KPI2ACT-48 | KY2: KPI2ACT-49 | KZ2: KPI2ACT-50 | LA2: KPI2ACT-51 | LB2: KPI2ACT-52 | LC2: KPI2Diff-1 | LD2: KPI2Diff-2 | LE2: KPI2Diff-3 | LF2: KPI2Diff-4 | LG2: KPI2Diff-5 | LH2: KPI2Diff-6 | LI2: KPI2Diff-7 | LJ2: KPI2Diff-8 | LK2: KPI2Diff-9 | LL2: KPI2Diff-10 | LM2: KPI2Diff-11 | LN2: KPI2Diff-12 | LO2: KPI2Diff-13 | LP2: KPI2Diff-14 | LQ2: KPI2Diff-15 | LR2: KPI2Diff-16 | LS2: KPI2Diff-17 | LT2: KPI2Diff-18 | LU2: KPI2Diff-19 | LV2: KPI2Diff-20 | LW2: KPI2Diff-21 | LX2: KPI2Diff-22 | LY2: KPI2Diff-23 | LZ2: KPI2Diff-24 | MA2: KPI2Diff-25 | MB2: KPI2Diff-26 | MC2: KPI2Diff-27 | MD2: KPI2Diff-28 | ME2: KPI2Diff-29 | MF2: KPI2Diff-30 | MG2: KPI2Diff-31 | MH2: KPI2Diff-32 | MI2: KPI2Diff-33 | MJ2: KPI2Diff-34 | MK2: KPI2Diff-35 | ML2: KPI2Diff-36 | MM2: KPI2Diff-37 | MN2: KPI2Diff-38 | MO2: KPI2Diff-39 | MP2: KPI2Diff-40 | MQ2: KPI2Diff-41 | MR2: KPI2Diff-42 | MS2: KPI2Diff-43 | MT2: KPI2Diff-44 | MU2: KPI2Diff-45 | MV2: KPI2Diff-46 | MW2: KPI2Diff-47 | MX2: KPI2Diff-48 | MY2: KPI2Diff-49 | MZ2: KPI2Diff-50 | NA2: KPI2Diff-51 | NB2: KPI2Diff-52 | NC2: KPI2TGT-1 | ND2: KPI2TGT-2 | NE2: KPI2TGT-3 | NF2: KPI2TGT-4 | NG2: KPI2TGT-5 | NH2: KPI2TGT-6 | NI2: KPI2TGT-7 | NJ2: KPI2TGT-8 | NK2: KPI2TGT-9 | NL2: KPI2TGT-10 | NM2: KPI2TGT-11 | NN2: KPI2TGT-12 | NO2: KPI2TGT-13 | NP2: KPI2TGT-14 | NQ2: KPI2TGT-15 | NR2: KPI2TGT-16 | NS2: KPI2TGT-17 | NT2: KPI2TGT-18 | NU2: KPI2TGT-19 | NV2: KPI2TGT-20 | NW2: KPI2TGT-21 | NX2: KPI2TGT-22 | NY2: KPI2TGT-23 | NZ2: KPI2TGT-24 | OA2: KPI2TGT-25 | OB2: KPI2TGT-26 | OC2: KPI2TGT-27 | OD2: KPI2TGT-28 | OE2: KPI2TGT-29 | OF2: KPI2TGT-30 | OG2: KPI2TGT-31 | OH2: KPI2TGT-32 | OI2: KPI2TGT-33 | OJ2: KPI2TGT-34 | OK2: KPI2TGT-35 | OL2: KPI2TGT-36 | OM2: KPI2TGT-37 | ON2: KPI2TGT-38 | OO2: KPI2TGT-39 | OP2: KPI2TGT-40 | OQ2: KPI2TGT-41 | OR2: KPI2TGT-42 | OS2: KPI2TGT-43 | OT2: KPI2TGT-44 | OU2: KPI2TGT-45 | OV2: KPI2TGT-46 | OW2: KPI2TGT-47 | OX2: KPI2TGT-48 | OY2: KPI2TGT-49 | OZ2: KPI2TGT-50 | PA2: KPI2TGT-51 | PB2: KPI2TGT-52 | PC2: KPI2ACT-1 | PD2: KPI2ACT-2 | PE2: KPI2ACT-3 | PF2: KPI2ACT-4 | PG2: KPI2ACT-5 | PH2: KPI2ACT-6 | PI2: KPI2ACT-7 | PJ2: KPI2ACT-8 | PK2: KPI2ACT-9 | PL2: KPI2ACT-10 | PM2: KPI2ACT-11 | PN2: KPI2ACT-12 | PO2: KPI2ACT-13 | PP2: KPI2ACT-14 | PQ2: KPI2ACT-15 | PR2: KPI2ACT-16 | PS2: KPI2ACT-17 | PT2: KPI2ACT-18 | PU2: KPI2ACT-19 | PV2: KPI2ACT-20 | PW2: KPI2ACT-21 | PX2: KPI2ACT-22 | PY2: KPI2ACT-23 | PZ2: KPI2ACT-24 | QA2: KPI2ACT-25 | QB2: KPI2ACT-26 | QC2: KPI2ACT-27 | QD2: KPI2ACT-28 | QE2: KPI2ACT-29 | QF2: KPI2ACT-30 | QG2: KPI2ACT-31 | QH2: KPI2ACT-32 | QI2: KPI2ACT-33 | QJ2: KPI2ACT-34 | QK2: KPI2ACT-35 | QL2: KPI2ACT-36 | QM2: KPI2ACT-37 | QN2: KPI2ACT-38 | QO2: KPI2ACT-39 | QP2: KPI2ACT-40 | QQ2: KPI2ACT-41 | QR2: KPI2ACT-42 | QS2: KPI2ACT-43 | QT2: KPI2ACT-44 | QU2: KPI2ACT-45 | QV2: KPI2ACT-46 | QW2: KPI2ACT-47 | QX2: KPI2ACT-48 | QY2: KPI2ACT-49 | QZ2: KPI2ACT-50 | RA2: KPI2ACT-51 | RB2: KPI2ACT-52 | RC2: KPI2Diff-1 | RD2: KPI2Diff-2 | RE2: KPI2Diff-3 | RF2: KPI2Diff-4 | RG2: KPI2Diff-5 | RH2: KPI2Diff-6 | RI2: KPI2Diff-7 | RJ2: KPI2Diff-8 | RK2: KPI2Diff-9 | RL2: KPI2Diff-10 | RM2: KPI2Diff-11 | RN2: KPI2Diff-12 | RO2: KPI2Diff-13 | RP2: KPI2Diff-14 | RQ2: KPI2Diff-15 | RR2: KPI2Diff-16 | RS2: KPI2Diff-17 | RT2: KPI2Diff-18 | RU2: KPI2Diff-19 | RV2: KPI2Diff-20 | RW2: KPI2Diff-21 | RX2: KPI2Diff-22 | RY2: KPI2Diff-23 | RZ2: KPI2Diff-24 | SA2: KPI2Diff-25 | SB2: KPI2Diff-26 | SC2: KPI2Diff-27 | SD2: KPI2Diff-28 | SE2: KPI2Diff-29 | SF2: KPI2Diff-30 | SG2: KPI2Diff-31 | SH2: KPI2Diff-32 | SI2: KPI2Diff-33 | SJ2: KPI2Diff-34 | SK2: KPI2Diff-35 | SL2: KPI2Diff-36 | SM2: KPI2Diff-37 | SN2: KPI2Diff-38 | SO2: KPI2Diff-39 | SP2: KPI2Diff-40 | SQ2: KPI2Diff-41 | SR2: KPI2Diff-42 | SS2: KPI2Diff-43 | ST2: KPI2Diff-44 | SU2: KPI2Diff-45 | SV2: KPI2Diff-46 | SW2: KPI2Diff-47 | SX2: KPI2Diff-48 | SY2: KPI2Diff-49 | SZ2: KPI2Diff-50 | TA2: KPI2Diff-51 | TB2: KPI2Diff-52
B3: Sample | C3: ='P1'!$F$3 -> Advanced Email Campaigns | D3: ='P1'!$F$5 -> hyperpersonalized email campaigns | E3: ='P1'!$F$7 -> L2. Sophisticated AI tooling for developnent/operations but generally limited to a single departnent or workflow | F3: ='P1'!$F$8 -> Complex Tool | G3: ='P1'!$B$13 -> OrbitAI | H3: ='P1'!$C$17 -> jamie.collingwood@pyxissoftware.com | I3: ='P1'!$C$18 -> Jamie Collingwood | J3: ='P1'!$C$19 -> Chase Winston | K3: ='P1'!$C$20 -> Jim Peltier | L3: ='P1'!$C$21 -> Sandy Crutcher | M3: ='P1'!$F$12 -> Integration Depth | N3: ='P1'!$G$13 -> Revenue Growth from AI-enhanced products | O3: ='P1'!$F$15 -> Enables revenue growth through enhanced sales processes | P3: ='P1'!$F$19 -> Improvements in email response campaigns and meetings booked rates | Q3: ='P1'!$O$12 -> Process Improvement | R3: ='P1'!$P$13 -> Conversion Rates from AI-powered features | S3: ='P1'!$O$15 -> AI Camp Bunking solution | T3: ='P1'!$O$19 -> AI Camp Bunking solution | U3: ='P1'!$X$12 -> Skills Development | V3: ='P1'!$Y$13 -> Automation Rate | W3: ='P1'!$X$15 -> AI Camp Bunking solution | X3: ='P1'!$X$19 -> AI Camp Bunking solution | Y3: ='P1'!$AV$3 -> 25 | Z3: ='P1'!$AO$4 -> Live | AA3: ='P1'!$AV$4 -> 1 | AB3: ='P1'!$AO$5 -> Dev | AC3: ='P1'!$AV$5 -> 1.2 | AD3: ='P1'!$AV$6 -> 30 | AE3: =IF('P1'!$AV$10="","",'P1'!$AV$10) -> 45884 | AF3: =IF('P1'!$AV$11="","",'P1'!$AV$11) -> 45891 | AG3: =IF('P1'!$AV$12="","",'P1'!$AV$12) -> 45898 | AH3: =IF('P1'!$AV$13="","",'P1'!$AV$13) -> 45905 | AI3: =IF('P1'!$AV$14="","",'P1'!$AV$14) -> 45912 | AJ3: =IF('P1'!$AV$15="","",'P1'!$AV$15) -> 45919 | AK3: =IF('P1'!$AV$16="","",'P1'!$AV$16) -> 45926 | AL3: =IF('P1'!$AV$17="","",'P1'!$AV$17) -> 45933 | AM3: =IF('P1'!$AV$18="","",'P1'!AV$18) -> 45940 | AN3: =IF('P1'!$AV$19="","",'P1'!$AV$19) -> 45947 | AO3: =IF('P1'!$AV$20="","",'P1'!$AV$20) -> 45954 | AP3: =IF('P1'!$AV$21="","",'P1'!$AV$21) -> 45961 | AQ3: =IF('P1'!$AY$10="","",'P1'!$AY$10) -> 45885 | AR3: =IF('P1'!$AY$11="","",'P1'!$AY$11) -> 45901 | AS3: =IF('P1'!$AY$12="","",'P1'!$AY$12) -> 45898 | AT3: =IF('P1'!$AY$13="","",'P1'!$AY$13) -> 45907 | AU3: =IF('P1'!$AY$14="","",'P1'!$AY$14) -> 45919 | AV3: =IF('P1'!$AY$15="","",'P1'!$AY$15) -> 45919 | AW3: =IF('P1'!$AY$16="","",'P1'!$AY$16) -> 45931 | AX3: =IF('P1'!$AY$17="","",'P1'!$AY$17) -> 45932 | AY3: =IF('P1'!$AY$18="","",'P1'!$AY$18) -> 45940 | AZ3: =IF('P1'!$AY$19="","",'P1'!$AY$19) -> 45947 | BA3: =IF('P1'!$AY$20="","",'P1'!$AY$20) -> 45954 | BB3: =IF('P1'!$AY$21="","",'P1'!$AY$21) | BC3: ='P1'!F$25 -> 23 | BD3: ='P1'!G$25 -> 23 | BE3: ='P1'!H$25 -> 23 | BF3: ='P1'!I$25 -> 23 | BG3: ='P1'!J$25 -> 23 | BH3: ='P1'!K$25 -> 23 | BI3: ='P1'!L$25 -> 23 | BJ3: ='P1'!M$25 -> 23 | ... DB3: ='P1'!BE$25 -> 80 | DC3: ='P1'!F$26 -> 25 | DD3: ='P1'!G$26 -> 26 | DE3: ='P1'!H$26 -> 27 | DF3: ='P1'!I$26 -> 28 | DG3: ='P1'!J$26 -> 28 | DH3: ='P1'!K$26 -> 55 | DI3: ='P1'!L$26 -> 55 | DJ3: ='P1'!M$26 -> 57 | ... FB3: ='P1'!BE$26 -> 0 | FC3: ='P1'!F$27 -> 2 | FD3: ='P1'!G$27 -> 3 | FE3: ='P1'!H$27 -> 4 | FF3: ='P1'!I$27 -> 5 | FG3: ='P1'!J$27 -> 5 | FH3: ='P1'!K$27 -> 32 | FI3: ='P1'!L$27 -> 32 | FJ3: ='P1'!M$27 -> 34 | ... HB3: ='P1'!BE$27 -> -80 | HC3: ='P1'!F$29 -> 1 | HD3: ='P1'!G$29 -> 2 | HE3: ='P1'!H$29 -> 3 | HF3: ='P1'!I$29 -> 0 | HG3: ='P1'!J$29 -> 0 | HH3: ='P1'!K$29 -> 0 | HI3: ='P1'!L$29 -> 2 | HJ3: ='P1'!M$29 -> 2 | ... JB3: ='P1'!BE$29 -> 25 | JC3: ='P1'!F$30 -> 2 | JD3: ='P1'!G$30 -> 2 | JE3: ='P1'!H$30 -> 2 | JF3: ='P1'!I$30 -> 0 | JG3: ='P1'!J$30 -> 0 | JH3: ='P1'!K$30 -> 0 | JI3: ='P1'!L$30 -> 0 | JJ3: ='P1'!M$30 -> 1 | ... LB3: ='P1'!BE$30 -> 0 | LC3: ='P1'!F$31 -> 1 | LD3: ='P1'!G$31 -> 0 | LE3: ='P1'!H$31 -> -1 | LF3: ='P1'!I$31 -> 0 | LG3: ='P1'!J$31 -> 0 | LH3: ='P1'!K$31 -> 0 | LI3: ='P1'!L$31 -> -2 | LJ3: ='P1'!M$31 -> -1 | ... NB3: ='P1'!BE$31 -> -25 | NC3: ='P1'!F$33 -> 0 | ND3: ='P1'!G$33 -> 0 | NE3: ='P1'!H$33 -> 0 | NF3: ='P1'!I$33 -> 0 | NG3: ='P1'!J$33 -> 0 | NH3: ='P1'!K$33 -> 0 | NI3: ='P1'!L$33 -> 0 | NJ3: ='P1'!M$33 -> 0 | ... PB3: ='P1'!BE$33 -> 250 | PC3: ='P1'!F$34 -> 0 | PD3: ='P1'!G$34 -> 0 | PE3: ='P1'!H$34 -> 0 | PF3: ='P1'!I$34 -> 0 | PG3: ='P1'!J$34 -> 0 | PH3: ='P1'!K$34 -> 0 | PI3: ='P1'!L$34 -> 0 | PJ3: ='P1'!M$34 -> 0 | ... RB3: ='P1'!BE$34 -> 0 | RC3: ='P1'!F$35 -> 0 | RD3: ='P1'!G$35 -> 0 | RE3: ='P1'!H$35 -> 0 | RF3: ='P1'!I$35 -> 0 | RG3: ='P1'!J$35 -> 0 | RH3: ='P1'!K$35 -> 0 | RI3: ='P1'!L$35 -> 0 | RJ3: ='P1'!M$35 -> 0 | ... TB3: ='P1'!BE$35 -> -250
B4: 1 | C4: =Sample!$F$3 -> 0 | D4: =Sample!$F$5 -> 0 | E4: =Sample!$F$7 -> L1. Using external AI tools for basic internal productivity | F4: =Sample!$F$8 -> Simple Tool | G4: =Sample!$B$13 -> 0 | H4: =Sample!$C$17 -> 0 | I4: =Sample!$C$18 -> 0 | J4: =Sample!$C$19 -> 0 | K4: =Sample!$C$20 -> 0 | L4: =Sample!$C$21 -> 0 | M4: =Sample!$F$12 -> Adoption Rate | N4: =Sample!$G$13 -> Employee Productivity Gains | O4: =Sample!$F$15 -> 0 | P4: =Sample!$F$19 -> 0 | Q4: =Sample!$O$12 -> Productivity Gains | R4: =Sample!$P$13 -> Select the primary KPI (Jonas Library) | S4: =Sample!$O$15 -> 0 | T4: =Sample!$O$19 -> 0 | U4: =Sample!$X$12 -> Cost Savings | V4: =Sample!$Y$13 -> Select the primary KPI (Jonas Library) | W4: =Sample!$X$15 -> 0 | X4: =Sample!$X$19 -> 0 | Y4: =Sample!$AV$3 -> 10 | Z4: =Sample!$AO$4 -> Not Def | AA4: =Sample!$AV$4 -> 0 | AB4: =Sample!$AO$5 -> Not Def | AC4: =Sample!$AV$5 -> 0 | AD4: =Sample!$AV$6 -> 0 | AE4: =IF(Sample!$AV$10="","",Sample!$AV$10) | AF4: =IF(Sample!$AV$11="","",Sample!$AV$11) | AG4: =IF(Sample!$AV$12="","",Sample!$AV$12) | AH4: =IF(Sample!$AV$13="","",Sample!$AV$13) | AI4: =IF(Sample!$AV$14="","",Sample!$AV$14) | AJ4: =IF(Sample!$AV$15="","",Sample!$AV$15) | AK4: =IF(Sample!$AV$16="","",Sample!$AV$16) | AL4: =IF(Sample!$AV$17="","",Sample!$AV$17) | AM4: =IF(Sample!$AV$18="","",Sample!AV$18) | AN4: =IF(Sample!$AV$19="","",Sample!$AV$19) | AO4: =IF(Sample!$AV$20="","",Sample!$AV$20) | AP4: =IF(Sample!$AV$21="","",Sample!$AV$21) | AQ4: =IF(Sample!$AY$10="","",Sample!$AY$10) | AR4: =IF(Sample!$AY$11="","",Sample!$AY$11) | AS4: =IF(Sample!$AY$12="","",Sample!$AY$12) | AT4: =IF(Sample!$AY$13="","",Sample!$AY$13) | AU4: =IF(Sample!$AY$14="","",Sample!$AY$14) | AV4: =IF(Sample!$AY$15="","",Sample!$AY$15) | AW4: =IF(Sample!$AY$16="","",Sample!$AY$16) | AX4: =IF(Sample!$AY$17="","",Sample!$AY$17) | AY4: =IF(Sample!$AY$18="","",Sample!$AY$18) | AZ4: =IF(Sample!$AY$19="","",Sample!$AY$19) | BA4: =IF(Sample!$AY$20="","",Sample!$AY$20) | BB4: =IF(Sample!$AY$21="","",Sample!$AY$21) | BC4: =Sample!F$25 -> 0 | BD4: =Sample!G$25 -> 0 | BE4: =Sample!H$25 -> 0 | BF4: =Sample!I$25 -> 0 | BG4: =Sample!J$25 -> 0 | BH4: =Sample!K$25 -> 0 | BI4: =Sample!L$25 -> 0 | BJ4: =Sample!M$25 -> 0 | ... DB4: =Sample!BE$25 -> 0 | DC4: =Sample!F$26 -> 0 | DD4: =Sample!G$26 -> 0 | DE4: =Sample!H$26 -> 0 | DF4: =Sample!I$26 -> 0 | DG4: =Sample!J$26 -> 0 | DH4: =Sample!K$26 -> 0 | DI4: =Sample!L$26 -> 0 | DJ4: =Sample!M$26 -> 0 | ... FB4: =Sample!BE$26 -> 0 | FC4: =Sample!F$27 -> 0 | FD4: =Sample!G$27 -> 0 | FE4: =Sample!H$27 -> 0 | FF4: =Sample!I$27 -> 0 | FG4: =Sample!J$27 -> 0 | FH4: =Sample!K$27 -> 0 | FI4: =Sample!L$27 -> 0 | FJ4: =Sample!M$27 -> 0 | ... HB4: =Sample!BE$27 -> 0 | HC4: =Sample!F$29 -> 0 | HD4: =Sample!G$29 -> 0 | HE4: =Sample!H$29 -> 0 | HF4: =Sample!I$29 -> 0 | HG4: =Sample!J$29 -> 0 | HH4: =Sample!K$29 -> 0 | HI4: =Sample!L$29 -> 0 | HJ4: =Sample!M$29 -> 0 | ... JB4: =Sample!BE$29 -> 0 | JC4: =Sample!F$30 -> 0 | JD4: =Sample!G$30 -> 0 | JE4: =Sample!H$30 -> 0 | JF4: =Sample!I$30 -> 0 | JG4: =Sample!J$30 -> 0 | JH4: =Sample!K$30 -> 0 | JI4: =Sample!L$30 -> 0 | JJ4: =Sample!M$30 -> 0 | ... LB4: =Sample!BE$30 -> 0 | LC4: =Sample!F$31 -> 0 | LD4: =Sample!G$31 -> 0 | LE4: =Sample!H$31 -> 0 | LF4: =Sample!I$31 -> 0 | LG4: =Sample!J$31 -> 0 | LH4: =Sample!K$31 -> 0 | LI4: =Sample!L$31 -> 0 | LJ4: =Sample!M$31 -> 0 | ... NB4: =Sample!BE$31 -> 0 | NC4: =Sample!F$33 -> 0 | ND4: =Sample!G$33 -> 0 | NE4: =Sample!H$33 -> 0 | NF4: =Sample!I$33 -> 0 | NG4: =Sample!J$33 -> 0 | NH4: =Sample!K$33 -> 0 | NI4: =Sample!L$33 -> 0 | NJ4: =Sample!M$33 -> 0 | ... PB4: =Sample!BE$33 -> 0 | PC4: =Sample!F$34 -> 0 | PD4: =Sample!G$34 -> 0 | PE4: =Sample!H$34 -> 0 | PF4: =Sample!I$34 -> 0 | PG4: =Sample!J$34 -> 0 | PH4: =Sample!K$34 -> 0 | PI4: =Sample!L$34 -> 0 | PJ4: =Sample!M$34 -> 0 | ... RB4: =Sample!BE$34 -> 0 | RC4: =Sample!F$35 -> 0 | RD4: =Sample!G$35 -> 0 | RE4: =Sample!H$35 -> 0 | RF4: =Sample!I$35 -> 0 | RG4: =Sample!J$35 -> 0 | RH4: =Sample!K$35 -> 0 | RI4: =Sample!L$35 -> 0 | RJ4: =Sample!M$35 -> 0 | ... TB4: =Sample!BE$35 -> 0
B5: 2 | C5: ='P2'!$F$3 -> 0 | D5: ='P2'!$F$5 -> 0 | E5: ='P2'!$F$7 -> 0 | F5: ='P2'!$F$8 | G5: ='P2'!$B$13 -> 0 | H5: ='P2'!$C$17 -> 0 | I5: ='P2'!$C$18 -> 0 | J5: ='P2'!$C$19 -> 0 | K5: ='P2'!$C$20 -> 0 | L5: ='P2'!$C$21 -> 0 | M5: ='P2'!$F$12 | N5: ='P2'!$G$13 -> Select the primary KPI (Jonas Library) | O5: ='P2'!$F$15 -> 0 | P5: ='P2'!$F$19 -> 0 | Q5: ='P2'!$O$12 | R5: ='P2'!$P$13 -> Select the primary KPI (Jonas Library) | S5: ='P2'!$O$15 -> 0 | T5: ='P2'!$O$19 -> 0 | U5: ='P2'!$X$12 | V5: ='P2'!$Y$13 -> Select the primary KPI (Jonas Library) | W5: ='P2'!$X$15 -> 0 | X5: ='P2'!$X$19 -> 0 | Y5: ='P2'!$AV$3 -> 0 | Z5: ='P2'!$AO$4 -> Not Def | AA5: ='P2'!$AV$4 -> 0 | AB5: ='P2'!$AO$5 -> Not Def | AC5: ='P2'!$AV$5 -> 0 | AD5: ='P2'!$AV$6 -> 0 | AE5: =IF('P2'!$AV$10="","",'P2'!$AV$10) | AF5: =IF('P2'!$AV$11="","",'P2'!$AV$11) | AG5: =IF('P2'!$AV$12="","",'P2'!$AV$12) | AH5: =IF('P2'!$AV$13="","",'P2'!$AV$13) | AI5: =IF('P2'!$AV$14="","",'P2'!$AV$14) | AJ5: =IF('P2'!$AV$15="","",'P2'!$AV$15) | AK5: =IF('P2'!$AV$16="","",'P2'!$AV$16) | AL5: =IF('P2'!$AV$17="","",'P2'!$AV$17) | AM5: =IF('P2'!$AV$18="","",'P2'!AV$18) | AN5: =IF('P2'!$AV$19="","",'P2'!$AV$19) | AO5: =IF('P2'!$AV$20="","",'P2'!$AV$20) | AP5: =IF('P2'!$AV$21="","",'P2'!$AV$21) | AQ5: =IF('P2'!$AY$10="","",'P2'!$AY$10) | AR5: =IF('P2'!$AY$11="","",'P2'!$AY$11) | AS5: =IF('P2'!$AY$12="","",'P2'!$AY$12) | AT5: =IF('P2'!$AY$13="","",'P2'!$AY$13) | AU5: =IF('P2'!$AY$14="","",'P2'!$AY$14) | AV5: =IF('P2'!$AY$15="","",'P2'!$AY$15) | AW5: =IF('P2'!$AY$16="","",'P2'!$AY$16) | AX5: =IF('P2'!$AY$17="","",'P2'!$AY$17) | AY5: =IF('P2'!$AY$18="","",'P2'!$AY$18) | AZ5: =IF('P2'!$AY$19="","",'P2'!$AY$19) | BA5: =IF('P2'!$AY$20="","",'P2'!$AY$20) | BB5: =IF('P2'!$AY$21="","",'P2'!$AY$21) | BC5: ='P2'!F$25 -> 0 | BD5: ='P2'!G$25 -> 0 | BE5: ='P2'!H$25 -> 0 | BF5: ='P2'!I$25 -> 0 | BG5: ='P2'!J$25 -> 0 | BH5: ='P2'!K$25 -> 0 | BI5: ='P2'!L$25 -> 0 | BJ5: ='P2'!M$25 -> 0 | ... DB5: ='P2'!BE$25 -> 0 | DC5: ='P2'!F$26 -> 0 | DD5: ='P2'!G$26 -> 0 | DE5: ='P2'!H$26 -> 0 | DF5: ='P2'!I$26 -> 0 | DG5: ='P2'!J$26 -> 0 | DH5: ='P2'!K$26 -> 0 | DI5: ='P2'!L$26 -> 0 | DJ5: ='P2'!M$26 -> 0 | ... FB5: ='P2'!BE$26 -> 0 | FC5: ='P2'!F$27 -> 0 | FD5: ='P2'!G$27 -> 0 | FE5: ='P2'!H$27 -> 0 | FF5: ='P2'!I$27 -> 0 | FG5: ='P2'!J$27 -> 0 | FH5: ='P2'!K$27 -> 0 | FI5: ='P2'!L$27 -> 0 | FJ5: ='P2'!M$27 -> 0 | ... HB5: ='P2'!BE$27 -> 0 | HC5: ='P2'!F$29 -> 0 | HD5: ='P2'!G$29 -> 0 | HE5: ='P2'!H$29 -> 0 | HF5: ='P2'!I$29 -> 0 | HG5: ='P2'!J$29 -> 0 | HH5: ='P2'!K$29 -> 0 | HI5: ='P2'!L$29 -> 0 | HJ5: ='P2'!M$29 -> 0 | ... JB5: ='P2'!BE$29 -> 0 | JC5: ='P2'!F$30 -> 0 | JD5: ='P2'!G$30 -> 0 | JE5: ='P2'!H$30 -> 0 | JF5: ='P2'!I$30 -> 0 | JG5: ='P2'!J$30 -> 0 | JH5: ='P2'!K$30 -> 0 | JI5: ='P2'!L$30 -> 0 | JJ5: ='P2'!M$30 -> 0 | ... LB5: ='P2'!BE$30 -> 0 | LC5: ='P2'!F$31 -> 0 | LD5: ='P2'!G$31 -> 0 | LE5: ='P2'!H$31 -> 0 | LF5: ='P2'!I$31 -> 0 | LG5: ='P2'!J$31 -> 0 | LH5: ='P2'!K$31 -> 0 | LI5: ='P2'!L$31 -> 0 | LJ5: ='P2'!M$31 -> 0 | ... NB5: ='P2'!BE$31 -> 0 | NC5: ='P2'!F$33 -> 0 | ND5: ='P2'!G$33 -> 0 | NE5: ='P2'!H$33 -> 0 | NF5: ='P2'!I$33 -> 0 | NG5: ='P2'!J$33 -> 0 | NH5: ='P2'!K$33 -> 0 | NI5: ='P2'!L$33 -> 0 | NJ5: ='P2'!M$33 -> 0 | ... PB5: ='P2'!BE$33 -> 0 | PC5: ='P2'!F$34 -> 0 | PD5: ='P2'!G$34 -> 0 | PE5: ='P2'!H$34 -> 0 | PF5: ='P2'!I$34 -> 0 | PG5: ='P2'!J$34 -> 0 | PH5: ='P2'!K$34 -> 0 | PI5: ='P2'!L$34 -> 0 | PJ5: ='P2'!M$34 -> 0 | ... RB5: ='P2'!BE$34 -> 0 | RC5: ='P2'!F$35 -> 0 | RD5: ='P2'!G$35 -> 0 | RE5: ='P2'!H$35 -> 0 | RF5: ='P2'!I$35 -> 0 | RG5: ='P2'!J$35 -> 0 | RH5: ='P2'!K$35 -> 0 | RI5: ='P2'!L$35 -> 0 | RJ5: ='P2'!M$35 -> 0 | ... TB5: ='P2'!BE$35 -> 0
B6: 3 | C6: ='P3'!$F$3 -> 0 | D6: ='P3'!$F$5 -> 0 | E6: ='P3'!$F$7 -> 0 | F6: ='P3'!$F$8 | G6: ='P3'!$B$13 -> 0 | H6: ='P3'!$C$17 -> 0 | I6: ='P3'!$C$18 -> 0 | J6: ='P3'!$C$19 -> 0 | K6: ='P3'!$C$20 -> 0 | L6: ='P3'!$C$21 -> 0 | M6: ='P3'!$F$12 | N6: ='P3'!$G$13 -> Select the primary KPI (Jonas Library) | O6: ='P3'!$F$15 -> 0 | P6: ='P3'!$F$19 -> 0 | Q6: ='P3'!$O$12 | R6: ='P3'!$P$13 -> Select the primary KPI (Jonas Library) | S6: ='P3'!$O$15 -> 0 | T6: ='P3'!$O$19 -> 0 | U6: ='P3'!$X$12 | V6: ='P3'!$Y$13 -> Select the primary KPI (Jonas Library) | W6: ='P3'!$X$15 -> 0 | X6: ='P3'!$X$19 -> 0 | Y6: ='P3'!$AV$3 -> 0 | Z6: ='P3'!$AO$4 -> Not Def | AA6: ='P3'!$AV$4 -> 0 | AB6: ='P3'!$AO$5 -> Not Def | AC6: ='P3'!$AV$5 -> 0 | AD6: ='P3'!$AV$6 -> 0 | AE6: =IF('P3'!$AV$10="","",'P3'!$AV$10) | AF6: =IF('P3'!$AV$11="","",'P3'!$AV$11) | AG6: =IF('P3'!$AV$12="","",'P3'!$AV$12) | AH6: =IF('P3'!$AV$13="","",'P3'!$AV$13) | AI6: =IF('P3'!$AV$14="","",'P3'!$AV$14) | AJ6: =IF('P3'!$AV$15="","",'P3'!$AV$15) | AK6: =IF('P3'!$AV$16="","",'P3'!$AV$16) | AL6: =IF('P3'!$AV$17="","",'P3'!$AV$17) | AM6: =IF('P3'!$AV$18="","",'P3'!AV$18) | AN6: =IF('P3'!$AV$19="","",'P3'!$AV$19) | AO6: =IF('P3'!$AV$20="","",'P3'!$AV$20) | AP6: =IF('P3'!$AV$21="","",'P3'!$AV$21) | AQ6: =IF('P3'!$AY$10="","",'P3'!$AY$10) | AR6: =IF('P3'!$AY$11="","",'P3'!$AY$11) | AS6: =IF('P3'!$AY$12="","",'P3'!$AY$12) | AT6: =IF('P3'!$AY$13="","",'P3'!$AY$13) | AU6: =IF('P3'!$AY$14="","",'P3'!$AY$14) | AV6: =IF('P3'!$AY$15="","",'P3'!$AY$15) | AW6: =IF('P3'!$AY$16="","",'P3'!$AY$16) | AX6: =IF('P3'!$AY$17="","",'P3'!$AY$17) | AY6: =IF('P3'!$AY$18="","",'P3'!$AY$18) | AZ6: =IF('P3'!$AY$19="","",'P3'!$AY$19) | BA6: =IF('P3'!$AY$20="","",'P3'!$AY$20) | BB6: =IF('P3'!$AY$21="","",'P3'!$AY$21) | BC6: ='P3'!F$25 -> 0 | BD6: ='P3'!G$25 -> 0 | BE6: ='P3'!H$25 -> 0 | BF6: ='P3'!I$25 -> 0 | BG6: ='P3'!J$25 -> 0 | BH6: ='P3'!K$25 -> 0 | BI6: ='P3'!L$25 -> 0 | BJ6: ='P3'!M$25 -> 0 | ... DB6: ='P3'!BE$25 -> 0 | DC6: ='P3'!F$26 -> 0 | DD6: ='P3'!G$26 -> 0 | DE6: ='P3'!H$26 -> 0 | DF6: ='P3'!I$26 -> 0 | DG6: ='P3'!J$26 -> 0 | DH6: ='P3'!K$26 -> 0 | DI6: ='P3'!L$26 -> 0 | DJ6: ='P3'!M$26 -> 0 | ... FB6: ='P3'!BE$26 -> 0 | FC6: ='P3'!F$27 -> 0 | FD6: ='P3'!G$27 -> 0 | FE6: ='P3'!H$27 -> 0 | FF6: ='P3'!I$27 -> 0 | FG6: ='P3'!J$27 -> 0 | FH6: ='P3'!K$27 -> 0 | FI6: ='P3'!L$27 -> 0 | FJ6: ='P3'!M$27 -> 0 | ... HB6: ='P3'!BE$27 -> 0 | HC6: ='P3'!F$29 -> 0 | HD6: ='P3'!G$29 -> 0 | HE6: ='P3'!H$29 -> 0 | HF6: ='P3'!I$29 -> 0 | HG6: ='P3'!J$29 -> 0 | HH6: ='P3'!K$29 -> 0 | HI6: ='P3'!L$29 -> 0 | HJ6: ='P3'!M$29 -> 0 | ... JB6: ='P3'!BE$29 -> 0 | JC6: ='P3'!F$30 -> 0 | JD6: ='P3'!G$30 -> 0 | JE6: ='P3'!H$30 -> 0 | JF6: ='P3'!I$30 -> 0 | JG6: ='P3'!J$30 -> 0 | JH6: ='P3'!K$30 -> 0 | JI6: ='P3'!L$30 -> 0 | JJ6: ='P3'!M$30 -> 0 | ... LB6: ='P3'!BE$30 -> 0 | LC6: ='P3'!F$31 -> 0 | LD6: ='P3'!G$31 -> 0 | LE6: ='P3'!H$31 -> 0 | LF6: ='P3'!I$31 -> 0 | LG6: ='P3'!J$31 -> 0 | LH6: ='P3'!K$31 -> 0 | LI6: ='P3'!L$31 -> 0 | LJ6: ='P3'!M$31 -> 0 | ... NB6: ='P3'!BE$31 -> 0 | NC6: ='P3'!F$33 -> 0 | ND6: ='P3'!G$33 -> 0 | NE6: ='P3'!H$33 -> 0 | NF6: ='P3'!I$33 -> 0 | NG6: ='P3'!J$33 -> 0 | NH6: ='P3'!K$33 -> 0 | NI6: ='P3'!L$33 -> 0 | NJ6: ='P3'!M$33 -> 0 | ... PB6: ='P3'!BE$33 -> 0 | PC6: ='P3'!F$34 -> 0 | PD6: ='P3'!G$34 -> 0 | PE6: ='P3'!H$34 -> 0 | PF6: ='P3'!I$34 -> 0 | PG6: ='P3'!J$34 -> 0 | PH6: ='P3'!K$34 -> 0 | PI6: ='P3'!L$34 -> 0 | PJ6: ='P3'!M$34 -> 0 | ... RB6: ='P3'!BE$34 -> 0 | RC6: ='P3'!F$35 -> 0 | RD6: ='P3'!G$35 -> 0 | RE6: ='P3'!H$35 -> 0 | RF6: ='P3'!I$35 -> 0 | RG6: ='P3'!J$35 -> 0 | RH6: ='P3'!K$35 -> 0 | RI6: ='P3'!L$35 -> 0 | RJ6: ='P3'!M$35 -> 0 | ... TB6: ='P3'!BE$35 -> 0
B7: 4 | C7: ='P4'!$F$3 -> 0 | D7: ='P4'!$F$5 -> 0 | E7: ='P4'!$F$7 -> 0 | F7: ='P4'!$F$8 | G7: ='P4'!$B$13 -> 0 | H7: ='P4'!$C$17 -> 0 | I7: ='P4'!$C$18 -> 0 | J7: ='P4'!$C$19 -> 0 | K7: ='P4'!$C$20 -> 0 | L7: ='P4'!$C$21 -> 0 | M7: ='P4'!$F$12 | N7: ='P4'!$G$13 -> Select the primary KPI (Jonas Library) | O7: ='P4'!$F$15 -> 0 | P7: ='P4'!$F$19 -> 0 | Q7: ='P4'!$O$12 | R7: ='P4'!$P$13 -> Select the primary KPI (Jonas Library) | S7: ='P4'!$O$15 -> 0 | T7: ='P4'!$O$19 -> 0 | U7: ='P4'!$X$12 | V7: ='P4'!$Y$13 -> Select the primary KPI (Jonas Library) | W7: ='P4'!$X$15 -> 0 | X7: ='P4'!$X$19 -> 0 | Y7: ='P4'!$AV$3 -> 0 | Z7: ='P4'!$AO$4 -> Not Def | AA7: ='P4'!$AV$4 -> 0 | AB7: ='P4'!$AO$5 -> Not Def | AC7: ='P4'!$AV$5 -> 0 | AD7: ='P4'!$AV$6 -> 0 | AE7: =IF('P4'!$AV$10="","",'P4'!$AV$10) | AF7: =IF('P4'!$AV$11="","",'P4'!$AV$11) | AG7: =IF('P4'!$AV$12="","",'P4'!$AV$12) | AH7: =IF('P4'!$AV$13="","",'P4'!$AV$13) | AI7: =IF('P4'!$AV$14="","",'P4'!$AV$14) | AJ7: =IF('P4'!$AV$15="","",'P4'!$AV$15) | AK7: =IF('P4'!$AV$16="","",'P4'!$AV$16) | AL7: =IF('P4'!$AV$17="","",'P4'!$AV$17) | AM7: =IF('P4'!$AV$18="","",'P4'!AV$18) | AN7: =IF('P4'!$AV$19="","",'P4'!$AV$19) | AO7: =IF('P4'!$AV$20="","",'P4'!$AV$20) | AP7: =IF('P4'!$AV$21="","",'P4'!$AV$21) | AQ7: =IF('P4'!$AY$10="","",'P4'!$AY$10) | AR7: =IF('P4'!$AY$11="","",'P4'!$AY$11) | AS7: =IF('P4'!$AY$12="","",'P4'!$AY$12) | AT7: =IF('P4'!$AY$13="","",'P4'!$AY$13) | AU7: =IF('P4'!$AY$14="","",'P4'!$AY$14) | AV7: =IF('P4'!$AY$15="","",'P4'!$AY$15) | AW7: =IF('P4'!$AY$16="","",'P4'!$AY$16) | AX7: =IF('P4'!$AY$17="","",'P4'!$AY$17) | AY7: =IF('P4'!$AY$18="","",'P4'!$AY$18) | AZ7: =IF('P4'!$AY$19="","",'P4'!$AY$19) | BA7: =IF('P4'!$AY$20="","",'P4'!$AY$20) | BB7: =IF('P4'!$AY$21="","",'P4'!$AY$21) | BC7: ='P4'!F$25 -> 0 | BD7: ='P4'!G$25 -> 0 | BE7: ='P4'!H$25 -> 0 | BF7: ='P4'!I$25 -> 0 | BG7: ='P4'!J$25 -> 0 | BH7: ='P4'!K$25 -> 0 | BI7: ='P4'!L$25 -> 0 | BJ7: ='P4'!M$25 -> 0 | ... DB7: ='P4'!BE$25 -> 0 | DC7: ='P4'!F$26 -> 0 | DD7: ='P4'!G$26 -> 0 | DE7: ='P4'!H$26 -> 0 | DF7: ='P4'!I$26 -> 0 | DG7: ='P4'!J$26 -> 0 | DH7: ='P4'!K$26 -> 0 | DI7: ='P4'!L$26 -> 0 | DJ7: ='P4'!M$26 -> 0 | ... FB7: ='P4'!BE$26 -> 0 | FC7: ='P4'!F$27 -> 0 | FD7: ='P4'!G$27 -> 0 | FE7: ='P4'!H$27 -> 0 | FF7: ='P4'!I$27 -> 0 | FG7: ='P4'!J$27 -> 0 | FH7: ='P4'!K$27 -> 0 | FI7: ='P4'!L$27 -> 0 | FJ7: ='P4'!M$27 -> 0 | ... HB7: ='P4'!BE$27 -> 0 | HC7: ='P4'!F$29 -> 0 | HD7: ='P4'!G$29 -> 0 | HE7: ='P4'!H$29 -> 0 | HF7: ='P4'!I$29 -> 0 | HG7: ='P4'!J$29 -> 0 | HH7: ='P4'!K$29 -> 0 | HI7: ='P4'!L$29 -> 0 | HJ7: ='P4'!M$29 -> 0 | ... JB7: ='P4'!BE$29 -> 0 | JC7: ='P4'!F$30 -> 0 | JD7: ='P4'!G$30 -> 0 | JE7: ='P4'!H$30 -> 0 | JF7: ='P4'!I$30 -> 0 | JG7: ='P4'!J$30 -> 0 | JH7: ='P4'!K$30 -> 0 | JI7: ='P4'!L$30 -> 0 | JJ7: ='P4'!M$30 -> 0 | ... LB7: ='P4'!BE$30 -> 0 | LC7: ='P4'!F$31 -> 0 | LD7: ='P4'!G$31 -> 0 | LE7: ='P4'!H$31 -> 0 | LF7: ='P4'!I$31 -> 0 | LG7: ='P4'!J$31 -> 0 | LH7: ='P4'!K$31 -> 0 | LI7: ='P4'!L$31 -> 0 | LJ7: ='P4'!M$31 -> 0 | ... NB7: ='P4'!BE$31 -> 0 | NC7: ='P4'!F$33 -> 0 | ND7: ='P4'!G$33 -> 0 | NE7: ='P4'!H$33 -> 0 | NF7: ='P4'!I$33 -> 0 | NG7: ='P4'!J$33 -> 0 | NH7: ='P4'!K$33 -> 0 | NI7: ='P4'!L$33 -> 0 | NJ7: ='P4'!M$33 -> 0 | ... PB7: ='P4'!BE$33 -> 0 | PC7: ='P4'!F$34 -> 0 | PD7: ='P4'!G$34 -> 0 | PE7: ='P4'!H$34 -> 0 | PF7: ='P4'!I$34 -> 0 | PG7: ='P4'!J$34 -> 0 | PH7: ='P4'!K$34 -> 0 | PI7: ='P4'!L$34 -> 0 | PJ7: ='P4'!M$34 -> 0 | ... RB7: ='P4'!BE$34 -> 0 | RC7: ='P4'!F$35 -> 0 | RD7: ='P4'!G$35 -> 0 | RE7: ='P4'!H$35 -> 0 | RF7: ='P4'!I$35 -> 0 | RG7: ='P4'!J$35 -> 0 | RH7: ='P4'!K$35 -> 0 | RI7: ='P4'!L$35 -> 0 | RJ7: ='P4'!M$35 -> 0 | ... TB7: ='P4'!BE$35 -> 0
B8: 5 | C8: ='P5'!$F$3 -> 0 | D8: ='P5'!$F$5 -> 0 | E8: ='P5'!$F$7 -> 0 | F8: ='P5'!$F$8 | G8: ='P5'!$B$13 -> 0 | H8: ='P5'!$C$17 -> 0 | I8: ='P5'!$C$18 -> 0 | J8: ='P5'!$C$19 -> 0 | K8: ='P5'!$C$20 -> 0 | L8: ='P5'!$C$21 -> 0 | M8: ='P5'!$F$12 | N8: ='P5'!$G$13 -> Select the primary KPI (Jonas Library) | O8: ='P5'!$F$15 -> 0 | P8: ='P5'!$F$19 -> 0 | Q8: ='P5'!$O$12 | R8: ='P5'!$P$13 -> Select the primary KPI (Jonas Library) | S8: ='P5'!$O$15 -> 0 | T8: ='P5'!$O$19 -> 0 | U8: ='P5'!$X$12 | V8: ='P5'!$Y$13 -> Select the primary KPI (Jonas Library) | W8: ='P5'!$X$15 -> 0 | X8: ='P5'!$X$19 -> 0 | Y8: ='P5'!$AV$3 -> 0 | Z8: ='P5'!$AO$4 -> Not Def | AA8: ='P5'!$AV$4 -> 0 | AB8: ='P5'!$AO$5 -> Not Def | AC8: ='P5'!$AV$5 -> 0 | AD8: ='P5'!$AV$6 -> 0 | AE8: =IF('P5'!$AV$10="","",'P5'!$AV$10) | AF8: =IF('P5'!$AV$11="","",'P5'!$AV$11) | AG8: =IF('P5'!$AV$12="","",'P5'!$AV$12) | AH8: =IF('P5'!$AV$13="","",'P5'!$AV$13) | AI8: =IF('P5'!$AV$14="","",'P5'!$AV$14) | AJ8: =IF('P5'!$AV$15="","",'P5'!$AV$15) | AK8: =IF('P5'!$AV$16="","",'P5'!$AV$16) | AL8: =IF('P5'!$AV$17="","",'P5'!$AV$17) | AM8: =IF('P5'!$AV$18="","",'P5'!AV$18) | AN8: =IF('P5'!$AV$19="","",'P5'!$AV$19) | AO8: =IF('P5'!$AV$20="","",'P5'!$AV$20) | AP8: =IF('P5'!$AV$21="","",'P5'!$AV$21) | AQ8: =IF('P5'!$AY$10="","",'P5'!$AY$10) | AR8: =IF('P5'!$AY$11="","",'P5'!$AY$11) | AS8: =IF('P5'!$AY$12="","",'P5'!$AY$12) | AT8: =IF('P5'!$AY$13="","",'P5'!$AY$13) | AU8: =IF('P5'!$AY$14="","",'P5'!$AY$14) | AV8: =IF('P5'!$AY$15="","",'P5'!$AY$15) | AW8: =IF('P5'!$AY$16="","",'P5'!$AY$16) | AX8: =IF('P5'!$AY$17="","",'P5'!$AY$17) | AY8: =IF('P5'!$AY$18="","",'P5'!$AY$18) | AZ8: =IF('P5'!$AY$19="","",'P5'!$AY$19) | BA8: =IF('P5'!$AY$20="","",'P5'!$AY$20) | BB8: =IF('P5'!$AY$21="","",'P5'!$AY$21) | BC8: ='P5'!F$25 -> 0 | BD8: ='P5'!G$25 -> 0 | BE8: ='P5'!H$25 -> 0 | BF8: ='P5'!I$25 -> 0 | BG8: ='P5'!J$25 -> 0 | BH8: ='P5'!K$25 -> 0 | BI8: ='P5'!L$25 -> 0 | BJ8: ='P5'!M$25 -> 0 | ... DB8: ='P5'!BE$25 -> 0 | DC8: ='P5'!F$26 -> 0 | DD8: ='P5'!G$26 -> 0 | DE8: ='P5'!H$26 -> 0 | DF8: ='P5'!I$26 -> 0 | DG8: ='P5'!J$26 -> 0 | DH8: ='P5'!K$26 -> 0 | DI8: ='P5'!L$26 -> 0 | DJ8: ='P5'!M$26 -> 0 | ... FB8: ='P5'!BE$26 -> 0 | FC8: ='P5'!F$27 -> 0 | FD8: ='P5'!G$27 -> 0 | FE8: ='P5'!H$27 -> 0 | FF8: ='P5'!I$27 -> 0 | FG8: ='P5'!J$27 -> 0 | FH8: ='P5'!K$27 -> 0 | FI8: ='P5'!L$27 -> 0 | FJ8: ='P5'!M$27 -> 0 | ... HB8: ='P5'!BE$27 -> 0 | HC8: ='P5'!F$29 -> 0 | HD8: ='P5'!G$29 -> 0 | HE8: ='P5'!H$29 -> 0 | HF8: ='P5'!I$29 -> 0 | HG8: ='P5'!J$29 -> 0 | HH8: ='P5'!K$29 -> 0 | HI8: ='P5'!L$29 -> 0 | HJ8: ='P5'!M$29 -> 0 | ... JB8: ='P5'!BE$29 -> 0 | JC8: ='P5'!F$30 -> 0 | JD8: ='P5'!G$30 -> 0 | JE8: ='P5'!H$30 -> 0 | JF8: ='P5'!I$30 -> 0 | JG8: ='P5'!J$30 -> 0 | JH8: ='P5'!K$30 -> 0 | JI8: ='P5'!L$30 -> 0 | JJ8: ='P5'!M$30 -> 0 | ... LB8: ='P5'!BE$30 -> 0 | LC8: ='P5'!F$31 -> 0 | LD8: ='P5'!G$31 -> 0 | LE8: ='P5'!H$31 -> 0 | LF8: ='P5'!I$31 -> 0 | LG8: ='P5'!J$31 -> 0 | LH8: ='P5'!K$31 -> 0 | LI8: ='P5'!L$31 -> 0 | LJ8: ='P5'!M$31 -> 0 | ... NB8: ='P5'!BE$31 -> 0 | NC8: ='P5'!F$33 -> 0 | ND8: ='P5'!G$33 -> 0 | NE8: ='P5'!H$33 -> 0 | NF8: ='P5'!I$33 -> 0 | NG8: ='P5'!J$33 -> 0 | NH8: ='P5'!K$33 -> 0 | NI8: ='P5'!L$33 -> 0 | NJ8: ='P5'!M$33 -> 0 | ... PB8: ='P5'!BE$33 -> 0 | PC8: ='P5'!F$34 -> 0 | PD8: ='P5'!G$34 -> 0 | PE8: ='P5'!H$34 -> 0 | PF8: ='P5'!I$34 -> 0 | PG8: ='P5'!J$34 -> 0 | PH8: ='P5'!K$34 -> 0 | PI8: ='P5'!L$34 -> 0 | PJ8: ='P5'!M$34 -> 0 | ... RB8: ='P5'!BE$34 -> 0 | RC8: ='P5'!F$35 -> 0 | RD8: ='P5'!G$35 -> 0 | RE8: ='P5'!H$35 -> 0 | RF8: ='P5'!I$35 -> 0 | RG8: ='P5'!J$35 -> 0 | RH8: ='P5'!K$35 -> 0 | RI8: ='P5'!L$35 -> 0 | RJ8: ='P5'!M$35 -> 0 | ... TB8: ='P5'!BE$35 -> 0
B9: 6 | C9: ='P6'!$F$3 -> 0 | D9: ='P6'!$F$5 -> 0 | E9: ='P6'!$F$7 -> 0 | F9: ='P6'!$F$8 | G9: ='P6'!$B$13 -> 0 | H9: ='P6'!$C$17 -> 0 | I9: ='P6'!$C$18 -> 0 | J9: ='P6'!$C$19 -> 0 | K9: ='P6'!$C$20 -> 0 | L9: ='P6'!$C$21 -> 0 | M9: ='P6'!$F$12 | N9: ='P6'!$G$13 -> Select the primary KPI (Jonas Library) | O9: ='P6'!$F$15 -> 0 | P9: ='P6'!$F$19 -> 0 | Q9: ='P6'!$O$12 | R9: ='P6'!$P$13 -> Select the primary KPI (Jonas Library) | S9: ='P6'!$O$15 -> 0 | T9: ='P6'!$O$19 -> 0 | U9: ='P6'!$X$12 | V9: ='P6'!$Y$13 -> Select the primary KPI (Jonas Library) | W9: ='P6'!$X$15 -> 0 | X9: ='P6'!$X$19 -> 0 | Y9: ='P6'!$AV$3 -> 0 | Z9: ='P6'!$AO$4 -> Not Def | AA9: ='P6'!$AV$4 -> 0 | AB9: ='P6'!$AO$5 -> Not Def | AC9: ='P6'!$AV$5 -> 0 | AD9: ='P6'!$AV$6 -> 0 | AE9: =IF('P6'!$AV$10="","",'P6'!$AV$10) | AF9: =IF('P6'!$AV$11="","",'P6'!$AV$11) | AG9: =IF('P6'!$AV$12="","",'P6'!$AV$12) | AH9: =IF('P6'!$AV$13="","",'P6'!$AV$13) | AI9: =IF('P6'!$AV$14="","",'P6'!$AV$14) | AJ9: =IF('P6'!$AV$15="","",'P6'!$AV$15) | AK9: =IF('P6'!$AV$16="","",'P6'!$AV$16) | AL9: =IF('P6'!$AV$17="","",'P6'!$AV$17) | AM9: =IF('P6'!$AV$18="","",'P6'!AV$18) | AN9: =IF('P6'!$AV$19="","",'P6'!$AV$19) | AO9: =IF('P6'!$AV$20="","",'P6'!$AV$20) | AP9: =IF('P6'!$AV$21="","",'P6'!$AV$21) | AQ9: =IF('P6'!$AY$10="","",'P6'!$AY$10) | AR9: =IF('P6'!$AY$11="","",'P6'!$AY$11) | AS9: =IF('P6'!$AY$12="","",'P6'!$AY$12) | AT9: =IF('P6'!$AY$13="","",'P6'!$AY$13) | AU9: =IF('P6'!$AY$14="","",'P6'!$AY$14) | AV9: =IF('P6'!$AY$15="","",'P6'!$AY$15) | AW9: =IF('P6'!$AY$16="","",'P6'!$AY$16) | AX9: =IF('P6'!$AY$17="","",'P6'!$AY$17) | AY9: =IF('P6'!$AY$18="","",'P6'!$AY$18) | AZ9: =IF('P6'!$AY$19="","",'P6'!$AY$19) | BA9: =IF('P6'!$AY$20="","",'P6'!$AY$20) | BB9: =IF('P6'!$AY$21="","",'P6'!$AY$21) | BC9: ='P6'!F$25 -> 0 | BD9: ='P6'!G$25 -> 0 | BE9: ='P6'!H$25 -> 0 | BF9: ='P6'!I$25 -> 0 | BG9: ='P6'!J$25 -> 0 | BH9: ='P6'!K$25 -> 0 | BI9: ='P6'!L$25 -> 0 | BJ9: ='P6'!M$25 -> 0 | ... DB9: ='P6'!BE$25 -> 0 | DC9: ='P6'!F$26 -> 0 | DD9: ='P6'!G$26 -> 0 | DE9: ='P6'!H$26 -> 0 | DF9: ='P6'!I$26 -> 0 | DG9: ='P6'!J$26 -> 0 | DH9: ='P6'!K$26 -> 0 | DI9: ='P6'!L$26 -> 0 | DJ9: ='P6'!M$26 -> 0 | ... FB9: ='P6'!BE$26 -> 0 | FC9: ='P6'!F$27 -> 0 | FD9: ='P6'!G$27 -> 0 | FE9: ='P6'!H$27 -> 0 | FF9: ='P6'!I$27 -> 0 | FG9: ='P6'!J$27 -> 0 | FH9: ='P6'!K$27 -> 0 | FI9: ='P6'!L$27 -> 0 | FJ9: ='P6'!M$27 -> 0 | ... HB9: ='P6'!BE$27 -> 0 | HC9: ='P6'!F$29 -> 0 | HD9: ='P6'!G$29 -> 0 | HE9: ='P6'!H$29 -> 0 | HF9: ='P6'!I$29 -> 0 | HG9: ='P6'!J$29 -> 0 | HH9: ='P6'!K$29 -> 0 | HI9: ='P6'!L$29 -> 0 | HJ9: ='P6'!M$29 -> 0 | ... JB9: ='P6'!BE$29 -> 0 | JC9: ='P6'!F$30 -> 0 | JD9: ='P6'!G$30 -> 0 | JE9: ='P6'!H$30 -> 0 | JF9: ='P6'!I$30 -> 0 | JG9: ='P6'!J$30 -> 0 | JH9: ='P6'!K$30 -> 0 | JI9: ='P6'!L$30 -> 0 | JJ9: ='P6'!M$30 -> 0 | ... LB9: ='P6'!BE$30 -> 0 | LC9: ='P6'!F$31 -> 0 | LD9: ='P6'!G$31 -> 0 | LE9: ='P6'!H$31 -> 0 | LF9: ='P6'!I$31 -> 0 | LG9: ='P6'!J$31 -> 0 | LH9: ='P6'!K$31 -> 0 | LI9: ='P6'!L$31 -> 0 | LJ9: ='P6'!M$31 -> 0 | ... NB9: ='P6'!BE$31 -> 0 | NC9: ='P6'!F$33 -> 0 | ND9: ='P6'!G$33 -> 0 | NE9: ='P6'!H$33 -> 0 | NF9: ='P6'!I$33 -> 0 | NG9: ='P6'!J$33 -> 0 | NH9: ='P6'!K$33 -> 0 | NI9: ='P6'!L$33 -> 0 | NJ9: ='P6'!M$33 -> 0 | ... PB9: ='P6'!BE$33 -> 0 | PC9: ='P6'!F$34 -> 0 | PD9: ='P6'!G$34 -> 0 | PE9: ='P6'!H$34 -> 0 | PF9: ='P6'!I$34 -> 0 | PG9: ='P6'!J$34 -> 0 | PH9: ='P6'!K$34 -> 0 | PI9: ='P6'!L$34 -> 0 | PJ9: ='P6'!M$34 -> 0 | ... RB9: ='P6'!BE$34 -> 0 | RC9: ='P6'!F$35 -> 0 | RD9: ='P6'!G$35 -> 0 | RE9: ='P6'!H$35 -> 0 | RF9: ='P6'!I$35 -> 0 | RG9: ='P6'!J$35 -> 0 | RH9: ='P6'!K$35 -> 0 | RI9: ='P6'!L$35 -> 0 | RJ9: ='P6'!M$35 -> 0 | ... TB9: ='P6'!BE$35 -> 0
B10: 7 | C10: ='P7'!$F$3 -> 0 | D10: ='P7'!$F$5 -> 0 | E10: ='P7'!$F$7 -> 0 | F10: ='P7'!$F$8 | G10: ='P7'!$B$13 -> 0 | H10: ='P7'!$C$17 -> 0 | I10: ='P7'!$C$18 -> 0 | J10: ='P7'!$C$19 -> 0 | K10: ='P7'!$C$20 -> 0 | L10: ='P7'!$C$21 -> 0 | M10: ='P7'!$F$12 | N10: ='P7'!$G$13 -> Select the primary KPI (Jonas Library) | O10: ='P7'!$F$15 -> 0 | P10: ='P7'!$F$19 -> 0 | Q10: ='P7'!$O$12 | R10: ='P7'!$P$13 -> Select the primary KPI (Jonas Library) | S10: ='P7'!$O$15 -> 0 | T10: ='P7'!$O$19 -> 0 | U10: ='P7'!$X$12 | V10: ='P7'!$Y$13 -> Select the primary KPI (Jonas Library) | W10: ='P7'!$X$15 -> 0 | X10: ='P7'!$X$19 -> 0 | Y10: ='P7'!$AV$3 -> 0 | Z10: ='P7'!$AO$4 -> Not Def | AA10: ='P7'!$AV$4 -> 0 | AB10: ='P7'!$AO$5 -> Not Def | AC10: ='P7'!$AV$5 -> 0 | AD10: ='P7'!$AV$6 -> 0 | AE10: =IF('P7'!$AV$10="","",'P7'!$AV$10) | AF10: =IF('P7'!$AV$11="","",'P7'!$AV$11) | AG10: =IF('P7'!$AV$12="","",'P7'!$AV$12) | AH10: =IF('P7'!$AV$13="","",'P7'!$AV$13) | AI10: =IF('P7'!$AV$14="","",'P7'!$AV$14) | AJ10: =IF('P7'!$AV$15="","",'P7'!$AV$15) | AK10: =IF('P7'!$AV$16="","",'P7'!$AV$16) | AL10: =IF('P7'!$AV$17="","",'P7'!$AV$17) | AM10: =IF('P7'!$AV$18="","",'P7'!AV$18) | AN10: =IF('P7'!$AV$19="","",'P7'!$AV$19) | AO10: =IF('P7'!$AV$20="","",'P7'!$AV$20) | AP10: =IF('P7'!$AV$21="","",'P7'!$AV$21) | AQ10: =IF('P7'!$AY$10="","",'P7'!$AY$10) | AR10: =IF('P7'!$AY$11="","",'P7'!$AY$11) | AS10: =IF('P7'!$AY$12="","",'P7'!$AY$12) | AT10: =IF('P7'!$AY$13="","",'P7'!$AY$13) | AU10: =IF('P7'!$AY$14="","",'P7'!$AY$14) | AV10: =IF('P7'!$AY$15="","",'P7'!$AY$15) | AW10: =IF('P7'!$AY$16="","",'P7'!$AY$16) | AX10: =IF('P7'!$AY$17="","",'P7'!$AY$17) | AY10: =IF('P7'!$AY$18="","",'P7'!$AY$18) | AZ10: =IF('P7'!$AY$19="","",'P7'!$AY$19) | BA10: =IF('P7'!$AY$20="","",'P7'!$AY$20) | BB10: =IF('P7'!$AY$21="","",'P7'!$AY$21) | BC10: ='P7'!F$25 -> 0 | BD10: ='P7'!G$25 -> 0 | BE10: ='P7'!H$25 -> 0 | BF10: ='P7'!I$25 -> 0 | BG10: ='P7'!J$25 -> 0 | BH10: ='P7'!K$25 -> 0 | BI10: ='P7'!L$25 -> 0 | BJ10: ='P7'!M$25 -> 0 | ... DB10: ='P7'!BE$25 -> 0 | DC10: ='P7'!F$26 -> 0 | DD10: ='P7'!G$26 -> 0 | DE10: ='P7'!H$26 -> 0 | DF10: ='P7'!I$26 -> 0 | DG10: ='P7'!J$26 -> 0 | DH10: ='P7'!K$26 -> 0 | DI10: ='P7'!L$26 -> 0 | DJ10: ='P7'!M$26 -> 0 | ... FB10: ='P7'!BE$26 -> 0 | FC10: ='P7'!F$27 -> 0 | FD10: ='P7'!G$27 -> 0 | FE10: ='P7'!H$27 -> 0 | FF10: ='P7'!I$27 -> 0 | FG10: ='P7'!J$27 -> 0 | FH10: ='P7'!K$27 -> 0 | FI10: ='P7'!L$27 -> 0 | FJ10: ='P7'!M$27 -> 0 | ... HB10: ='P7'!BE$27 -> 0 | HC10: ='P7'!F$29 -> 0 | HD10: ='P7'!G$29 -> 0 | HE10: ='P7'!H$29 -> 0 | HF10: ='P7'!I$29 -> 0 | HG10: ='P7'!J$29 -> 0 | HH10: ='P7'!K$29 -> 0 | HI10: ='P7'!L$29 -> 0 | HJ10: ='P7'!M$29 -> 0 | ... JB10: ='P7'!BE$29 -> 0 | JC10: ='P7'!F$30 -> 0 | JD10: ='P7'!G$30 -> 0 | JE10: ='P7'!H$30 -> 0 | JF10: ='P7'!I$30 -> 0 | JG10: ='P7'!J$30 -> 0 | JH10: ='P7'!K$30 -> 0 | JI10: ='P7'!L$30 -> 0 | JJ10: ='P7'!M$30 -> 0 | ... LB10: ='P7'!BE$30 -> 0 | LC10: ='P7'!F$31 -> 0 | LD10: ='P7'!G$31 -> 0 | LE10: ='P7'!H$31 -> 0 | LF10: ='P7'!I$31 -> 0 | LG10: ='P7'!J$31 -> 0 | LH10: ='P7'!K$31 -> 0 | LI10: ='P7'!L$31 -> 0 | LJ10: ='P7'!M$31 -> 0 | ... NB10: ='P7'!BE$31 -> 0 | NC10: ='P7'!F$33 -> 0 | ND10: ='P7'!G$33 -> 0 | NE10: ='P7'!H$33 -> 0 | NF10: ='P7'!I$33 -> 0 | NG10: ='P7'!J$33 -> 0 | NH10: ='P7'!K$33 -> 0 | NI10: ='P7'!L$33 -> 0 | NJ10: ='P7'!M$33 -> 0 | ... PB10: ='P7'!BE$33 -> 0 | PC10: ='P7'!F$34 -> 0 | PD10: ='P7'!G$34 -> 0 | PE10: ='P7'!H$34 -> 0 | PF10: ='P7'!I$34 -> 0 | PG10: ='P7'!J$34 -> 0 | PH10: ='P7'!K$34 -> 0 | PI10: ='P7'!L$34 -> 0 | PJ10: ='P7'!M$34 -> 0 | ... RB10: ='P7'!BE$34 -> 0 | RC10: ='P7'!F$35 -> 0 | RD10: ='P7'!G$35 -> 0 | RE10: ='P7'!H$35 -> 0 | RF10: ='P7'!I$35 -> 0 | RG10: ='P7'!J$35 -> 0 | RH10: ='P7'!K$35 -> 0 | RI10: ='P7'!L$35 -> 0 | RJ10: ='P7'!M$35 -> 0 | ... TB10: ='P7'!BE$35 -> 0
B11: 8 | C11: ='P8'!$F$3 -> 0 | D11: ='P8'!$F$5 -> 0 | E11: ='P8'!$F$7 -> 0 | F11: ='P8'!$F$8 | G11: ='P8'!$B$13 -> 0 | H11: ='P8'!$C$17 -> 0 | I11: ='P8'!$C$18 -> 0 | J11: ='P8'!$C$19 -> 0 | K11: ='P8'!$C$20 -> 0 | L11: ='P8'!$C$21 -> 0 | M11: ='P8'!$F$12 | N11: ='P8'!$G$13 -> Select the primary KPI (Jonas Library) | O11: ='P8'!$F$15 -> 0 | P11: ='P8'!$F$19 -> 0 | Q11: ='P8'!$O$12 | R11: ='P8'!$P$13 -> Select the primary KPI (Jonas Library) | S11: ='P8'!$O$15 -> 0 | T11: ='P8'!$O$19 -> 0 | U11: ='P8'!$X$12 | V11: ='P8'!$Y$13 -> Select the primary KPI (Jonas Library) | W11: ='P8'!$X$15 -> 0 | X11: ='P8'!$X$19 -> 0 | Y11: ='P8'!$AV$3 -> 0 | Z11: ='P8'!$AO$4 -> Not Def | AA11: ='P8'!$AV$4 -> 0 | AB11: ='P8'!$AO$5 -> Not Def | AC11: ='P8'!$AV$5 -> 0 | AD11: ='P8'!$AV$6 -> 0 | AE11: =IF('P8'!$AV$10="","",'P8'!$AV$10) | AF11: =IF('P8'!$AV$11="","",'P8'!$AV$11) | AG11: =IF('P8'!$AV$12="","",'P8'!$AV$12) | AH11: =IF('P8'!$AV$13="","",'P8'!$AV$13) | AI11: =IF('P8'!$AV$14="","",'P8'!$AV$14) | AJ11: =IF('P8'!$AV$15="","",'P8'!$AV$15) | AK11: =IF('P8'!$AV$16="","",'P8'!$AV$16) | AL11: =IF('P8'!$AV$17="","",'P8'!$AV$17) | AM11: =IF('P8'!$AV$18="","",'P8'!AV$18) | AN11: =IF('P8'!$AV$19="","",'P8'!$AV$19) | AO11: =IF('P8'!$AV$20="","",'P8'!$AV$20) | AP11: =IF('P8'!$AV$21="","",'P8'!$AV$21) | AQ11: =IF('P8'!$AY$10="","",'P8'!$AY$10) | AR11: =IF('P8'!$AY$11="","",'P8'!$AY$11) | AS11: =IF('P8'!$AY$12="","",'P8'!$AY$12) | AT11: =IF('P8'!$AY$13="","",'P8'!$AY$13) | AU11: =IF('P8'!$AY$14="","",'P8'!$AY$14) | AV11: =IF('P8'!$AY$15="","",'P8'!$AY$15) | AW11: =IF('P8'!$AY$16="","",'P8'!$AY$16) | AX11: =IF('P8'!$AY$17="","",'P8'!$AY$17) | AY11: =IF('P8'!$AY$18="","",'P8'!$AY$18) | AZ11: =IF('P8'!$AY$19="","",'P8'!$AY$19) | BA11: =IF('P8'!$AY$20="","",'P8'!$AY$20) | BB11: =IF('P8'!$AY$21="","",'P8'!$AY$21) | BC11: ='P8'!F$25 -> 0 | BD11: ='P8'!G$25 -> 0 | BE11: ='P8'!H$25 -> 0 | BF11: ='P8'!I$25 -> 0 | BG11: ='P8'!J$25 -> 0 | BH11: ='P8'!K$25 -> 0 | BI11: ='P8'!L$25 -> 0 | BJ11: ='P8'!M$25 -> 0 | ... DB11: ='P8'!BE$25 -> 0 | DC11: ='P8'!F$26 -> 0 | DD11: ='P8'!G$26 -> 0 | DE11: ='P8'!H$26 -> 0 | DF11: ='P8'!I$26 -> 0 | DG11: ='P8'!J$26 -> 0 | DH11: ='P8'!K$26 -> 0 | DI11: ='P8'!L$26 -> 0 | DJ11: ='P8'!M$26 -> 0 | ... FB11: ='P8'!BE$26 -> 0 | FC11: ='P8'!F$27 -> 0 | FD11: ='P8'!G$27 -> 0 | FE11: ='P8'!H$27 -> 0 | FF11: ='P8'!I$27 -> 0 | FG11: ='P8'!J$27 -> 0 | FH11: ='P8'!K$27 -> 0 | FI11: ='P8'!L$27 -> 0 | FJ11: ='P8'!M$27 -> 0 | ... HB11: ='P8'!BE$27 -> 0 | HC11: ='P8'!F$29 -> 0 | HD11: ='P8'!G$29 -> 0 | HE11: ='P8'!H$29 -> 0 | HF11: ='P8'!I$29 -> 0 | HG11: ='P8'!J$29 -> 0 | HH11: ='P8'!K$29 -> 0 | HI11: ='P8'!L$29 -> 0 | HJ11: ='P8'!M$29 -> 0 | ... JB11: ='P8'!BE$29 -> 0 | JC11: ='P8'!F$30 -> 0 | JD11: ='P8'!G$30 -> 0 | JE11: ='P8'!H$30 -> 0 | JF11: ='P8'!I$30 -> 0 | JG11: ='P8'!J$30 -> 0 | JH11: ='P8'!K$30 -> 0 | JI11: ='P8'!L$30 -> 0 | JJ11: ='P8'!M$30 -> 0 | ... LB11: ='P8'!BE$30 -> 0 | LC11: ='P8'!F$31 -> 0 | LD11: ='P8'!G$31 -> 0 | LE11: ='P8'!H$31 -> 0 | LF11: ='P8'!I$31 -> 0 | LG11: ='P8'!J$31 -> 0 | LH11: ='P8'!K$31 -> 0 | LI11: ='P8'!L$31 -> 0 | LJ11: ='P8'!M$31 -> 0 | ... NB11: ='P8'!BE$31 -> 0 | NC11: ='P8'!F$33 -> 0 | ND11: ='P8'!G$33 -> 0 | NE11: ='P8'!H$33 -> 0 | NF11: ='P8'!I$33 -> 0 | NG11: ='P8'!J$33 -> 0 | NH11: ='P8'!K$33 -> 0 | NI11: ='P8'!L$33 -> 0 | NJ11: ='P8'!M$33 -> 0 | ... PB11: ='P8'!BE$33 -> 0 | PC11: ='P8'!F$34 -> 0 | PD11: ='P8'!G$34 -> 0 | PE11: ='P8'!H$34 -> 0 | PF11: ='P8'!I$34 -> 0 | PG11: ='P8'!J$34 -> 0 | PH11: ='P8'!K$34 -> 0 | PI11: ='P8'!L$34 -> 0 | PJ11: ='P8'!M$34 -> 0 | ... RB11: ='P8'!BE$34 -> 0 | RC11: ='P8'!F$35 -> 0 | RD11: ='P8'!G$35 -> 0 | RE11: ='P8'!H$35 -> 0 | RF11: ='P8'!I$35 -> 0 | RG11: ='P8'!J$35 -> 0 | RH11: ='P8'!K$35 -> 0 | RI11: ='P8'!L$35 -> 0 | RJ11: ='P8'!M$35 -> 0 | ... TB11: ='P8'!BE$35 -> 0
B12: 9 | C12: ='P9'!$F$3 -> 0 | D12: ='P9'!$F$5 -> 0 | E12: ='P9'!$F$7 -> 0 | F12: ='P9'!$F$8 | G12: ='P9'!$B$13 -> 0 | H12: ='P9'!$C$17 -> 0 | I12: ='P9'!$C$18 -> 0 | J12: ='P9'!$C$19 -> 0 | K12: ='P9'!$C$20 -> 0 | L12: ='P9'!$C$21 -> 0 | M12: ='P9'!$F$12 | N12: ='P9'!$G$13 -> Select the primary KPI (Jonas Library) | O12: ='P9'!$F$15 -> 0 | P12: ='P9'!$F$19 -> 0 | Q12: ='P9'!$O$12 | R12: ='P9'!$P$13 -> Select the primary KPI (Jonas Library) | S12: ='P9'!$O$15 -> 0 | T12: ='P9'!$O$19 -> 0 | U12: ='P9'!$X$12 | V12: ='P9'!$Y$13 -> Select the primary KPI (Jonas Library) | W12: ='P9'!$X$15 -> 0 | X12: ='P9'!$X$19 -> 0 | Y12: ='P9'!$AV$3 -> 0 | Z12: ='P9'!$AO$4 -> Not Def | AA12: ='P9'!$AV$4 -> 0 | AB12: ='P9'!$AO$5 -> Not Def | AC12: ='P9'!$AV$5 -> 0 | AD12: ='P9'!$AV$6 -> 0 | AE12: =IF('P9'!$AV$10="","",'P9'!$AV$10) | AF12: =IF('P9'!$AV$11="","",'P9'!$AV$11) | AG12: =IF('P9'!$AV$12="","",'P9'!$AV$12) | AH12: =IF('P9'!$AV$13="","",'P9'!$AV$13) | AI12: =IF('P9'!$AV$14="","",'P9'!$AV$14) | AJ12: =IF('P9'!$AV$15="","",'P9'!$AV$15) | AK12: =IF('P9'!$AV$16="","",'P9'!$AV$16) | AL12: =IF('P9'!$AV$17="","",'P9'!$AV$17) | AM12: =IF('P9'!$AV$18="","",'P9'!AV$18) | AN12: =IF('P9'!$AV$19="","",'P9'!$AV$19) | AO12: =IF('P9'!$AV$20="","",'P9'!$AV$20) | AP12: =IF('P9'!$AV$21="","",'P9'!$AV$21) | AQ12: =IF('P9'!$AY$10="","",'P9'!$AY$10) | AR12: =IF('P9'!$AY$11="","",'P9'!$AY$11) | AS12: =IF('P9'!$AY$12="","",'P9'!$AY$12) | AT12: =IF('P9'!$AY$13="","",'P9'!$AY$13) | AU12: =IF('P9'!$AY$14="","",'P9'!$AY$14) | AV12: =IF('P9'!$AY$15="","",'P9'!$AY$15) | AW12: =IF('P9'!$AY$16="","",'P9'!$AY$16) | AX12: =IF('P9'!$AY$17="","",'P9'!$AY$17) | AY12: =IF('P9'!$AY$18="","",'P9'!$AY$18) | AZ12: =IF('P9'!$AY$19="","",'P9'!$AY$19) | BA12: =IF('P9'!$AY$20="","",'P9'!$AY$20) | BB12: =IF('P9'!$AY$21="","",'P9'!$AY$21) | BC12: ='P9'!F$25 -> 0 | BD12: ='P9'!G$25 -> 0 | BE12: ='P9'!H$25 -> 0 | BF12: ='P9'!I$25 -> 0 | BG12: ='P9'!J$25 -> 0 | BH12: ='P9'!K$25 -> 0 | BI12: ='P9'!L$25 -> 0 | BJ12: ='P9'!M$25 -> 0 | ... DB12: ='P9'!BE$25 -> 0 | DC12: ='P9'!F$26 -> 0 | DD12: ='P9'!G$26 -> 0 | DE12: ='P9'!H$26 -> 0 | DF12: ='P9'!I$26 -> 0 | DG12: ='P9'!J$26 -> 0 | DH12: ='P9'!K$26 -> 0 | DI12: ='P9'!L$26 -> 0 | DJ12: ='P9'!M$26 -> 0 | ... FB12: ='P9'!BE$26 -> 0 | FC12: ='P9'!F$27 -> 0 | FD12: ='P9'!G$27 -> 0 | FE12: ='P9'!H$27 -> 0 | FF12: ='P9'!I$27 -> 0 | FG12: ='P9'!J$27 -> 0 | FH12: ='P9'!K$27 -> 0 | FI12: ='P9'!L$27 -> 0 | FJ12: ='P9'!M$27 -> 0 | ... HB12: ='P9'!BE$27 -> 0 | HC12: ='P9'!F$29 -> 0 | HD12: ='P9'!G$29 -> 0 | HE12: ='P9'!H$29 -> 0 | HF12: ='P9'!I$29 -> 0 | HG12: ='P9'!J$29 -> 0 | HH12: ='P9'!K$29 -> 0 | HI12: ='P9'!L$29 -> 0 | HJ12: ='P9'!M$29 -> 0 | ... JB12: ='P9'!BE$29 -> 0 | JC12: ='P9'!F$30 -> 0 | JD12: ='P9'!G$30 -> 0 | JE12: ='P9'!H$30 -> 0 | JF12: ='P9'!I$30 -> 0 | JG12: ='P9'!J$30 -> 0 | JH12: ='P9'!K$30 -> 0 | JI12: ='P9'!L$30 -> 0 | JJ12: ='P9'!M$30 -> 0 | ... LB12: ='P9'!BE$30 -> 0 | LC12: ='P9'!F$31 -> 0 | LD12: ='P9'!G$31 -> 0 | LE12: ='P9'!H$31 -> 0 | LF12: ='P9'!I$31 -> 0 | LG12: ='P9'!J$31 -> 0 | LH12: ='P9'!K$31 -> 0 | LI12: ='P9'!L$31 -> 0 | LJ12: ='P9'!M$31 -> 0 | ... NB12: ='P9'!BE$31 -> 0 | NC12: ='P9'!F$33 -> 0 | ND12: ='P9'!G$33 -> 0 | NE12: ='P9'!H$33 -> 0 | NF12: ='P9'!I$33 -> 0 | NG12: ='P9'!J$33 -> 0 | NH12: ='P9'!K$33 -> 0 | NI12: ='P9'!L$33 -> 0 | NJ12: ='P9'!M$33 -> 0 | ... PB12: ='P9'!BE$33 -> 0 | PC12: ='P9'!F$34 -> 0 | PD12: ='P9'!G$34 -> 0 | PE12: ='P9'!H$34 -> 0 | PF12: ='P9'!I$34 -> 0 | PG12: ='P9'!J$34 -> 0 | PH12: ='P9'!K$34 -> 0 | PI12: ='P9'!L$34 -> 0 | PJ12: ='P9'!M$34 -> 0 | ... RB12: ='P9'!BE$34 -> 0 | RC12: ='P9'!F$35 -> 0 | RD12: ='P9'!G$35 -> 0 | RE12: ='P9'!H$35 -> 0 | RF12: ='P9'!I$35 -> 0 | RG12: ='P9'!J$35 -> 0 | RH12: ='P9'!K$35 -> 0 | RI12: ='P9'!L$35 -> 0 | RJ12: ='P9'!M$35 -> 0 | ... TB12: ='P9'!BE$35 -> 0
B13: 10 | C13: ='P10'!$F$3 -> 0 | D13: ='P10'!$F$5 -> 0 | E13: ='P10'!$F$7 -> 0 | F13: ='P10'!$F$8 | G13: ='P10'!$B$13 -> 0 | H13: ='P10'!$C$17 -> 0 | I13: ='P10'!$C$18 -> 0 | J13: ='P10'!$C$19 -> 0 | K13: ='P10'!$C$20 -> 0 | L13: ='P10'!$C$21 -> 0 | M13: ='P10'!$F$12 | N13: ='P10'!$G$13 -> Select the primary KPI (Jonas Library) | O13: ='P10'!$F$15 -> 0 | P13: ='P10'!$F$19 -> 0 | Q13: ='P10'!$O$12 | R13: ='P10'!$P$13 -> Select the primary KPI (Jonas Library) | S13: ='P10'!$O$15 -> 0 | T13: ='P10'!$O$19 -> 0 | U13: ='P10'!$X$12 | V13: ='P10'!$Y$13 -> Select the primary KPI (Jonas Library) | W13: ='P10'!$X$15 -> 0 | X13: ='P10'!$X$19 -> 0 | Y13: ='P10'!$AV$3 -> 0 | Z13: ='P10'!$AO$4 -> Not Def | AA13: ='P10'!$AV$4 -> 0 | AB13: ='P10'!$AO$5 -> Not Def | AC13: ='P10'!$AV$5 -> 0 | AD13: ='P10'!$AV$6 -> 0 | AE13: =IF('P10'!$AV$10="","",'P10'!$AV$10) | AF13: =IF('P10'!$AV$11="","",'P10'!$AV$11) | AG13: =IF('P10'!$AV$12="","",'P10'!$AV$12) | AH13: =IF('P10'!$AV$13="","",'P10'!$AV$13) | AI13: =IF('P10'!$AV$14="","",'P10'!$AV$14) | AJ13: =IF('P10'!$AV$15="","",'P10'!$AV$15) | AK13: =IF('P10'!$AV$16="","",'P10'!$AV$16) | AL13: =IF('P10'!$AV$17="","",'P10'!$AV$17) | AM13: =IF('P10'!$AV$18="","",'P10'!AV$18) | AN13: =IF('P10'!$AV$19="","",'P10'!$AV$19) | AO13: =IF('P10'!$AV$20="","",'P10'!$AV$20) | AP13: =IF('P10'!$AV$21="","",'P10'!$AV$21) | AQ13: =IF('P10'!$AY$10="","",'P10'!$AY$10) | AR13: =IF('P10'!$AY$11="","",'P10'!$AY$11) | AS13: =IF('P10'!$AY$12="","",'P10'!$AY$12) | AT13: =IF('P10'!$AY$13="","",'P10'!$AY$13) | AU13: =IF('P10'!$AY$14="","",'P10'!$AY$14) | AV13: =IF('P10'!$AY$15="","",'P10'!$AY$15) | AW13: =IF('P10'!$AY$16="","",'P10'!$AY$16) | AX13: =IF('P10'!$AY$17="","",'P10'!$AY$17) | AY13: =IF('P10'!$AY$18="","",'P10'!$AY$18) | AZ13: =IF('P10'!$AY$19="","",'P10'!$AY$19) | BA13: =IF('P10'!$AY$20="","",'P10'!$AY$20) | BB13: =IF('P10'!$AY$21="","",'P10'!$AY$21) | BC13: ='P10'!F$25 -> 0 | BD13: ='P10'!G$25 -> 0 | BE13: ='P10'!H$25 -> 0 | BF13: ='P10'!I$25 -> 0 | BG13: ='P10'!J$25 -> 0 | BH13: ='P10'!K$25 -> 0 | BI13: ='P10'!L$25 -> 0 | BJ13: ='P10'!M$25 -> 0 | ... DB13: ='P10'!BE$25 -> 0 | DC13: ='P10'!F$26 -> 0 | DD13: ='P10'!G$26 -> 0 | DE13: ='P10'!H$26 -> 0 | DF13: ='P10'!I$26 -> 0 | DG13: ='P10'!J$26 -> 0 | DH13: ='P10'!K$26 -> 0 | DI13: ='P10'!L$26 -> 0 | DJ13: ='P10'!M$26 -> 0 | ... FB13: ='P10'!BE$26 -> 0 | FC13: ='P10'!F$27 -> 0 | FD13: ='P10'!G$27 -> 0 | FE13: ='P10'!H$27 -> 0 | FF13: ='P10'!I$27 -> 0 | FG13: ='P10'!J$27 -> 0 | FH13: ='P10'!K$27 -> 0 | FI13: ='P10'!L$27 -> 0 | FJ13: ='P10'!M$27 -> 0 | ... HB13: ='P10'!BE$27 -> 0 | HC13: ='P10'!F$29 -> 0 | HD13: ='P10'!G$29 -> 0 | HE13: ='P10'!H$29 -> 0 | HF13: ='P10'!I$29 -> 0 | HG13: ='P10'!J$29 -> 0 | HH13: ='P10'!K$29 -> 0 | HI13: ='P10'!L$29 -> 0 | HJ13: ='P10'!M$29 -> 0 | ... JB13: ='P10'!BE$29 -> 0 | JC13: ='P10'!F$30 -> 0 | JD13: ='P10'!G$30 -> 0 | JE13: ='P10'!H$30 -> 0 | JF13: ='P10'!I$30 -> 0 | JG13: ='P10'!J$30 -> 0 | JH13: ='P10'!K$30 -> 0 | JI13: ='P10'!L$30 -> 0 | JJ13: ='P10'!M$30 -> 0 | ... LB13: ='P10'!BE$30 -> 0 | LC13: ='P10'!F$31 -> 0 | LD13: ='P10'!G$31 -> 0 | LE13: ='P10'!H$31 -> 0 | LF13: ='P10'!I$31 -> 0 | LG13: ='P10'!J$31 -> 0 | LH13: ='P10'!K$31 -> 0 | LI13: ='P10'!L$31 -> 0 | LJ13: ='P10'!M$31 -> 0 | ... NB13: ='P10'!BE$31 -> 0 | NC13: ='P10'!F$33 -> 0 | ND13: ='P10'!G$33 -> 0 | NE13: ='P10'!H$33 -> 0 | NF13: ='P10'!I$33 -> 0 | NG13: ='P10'!J$33 -> 0 | NH13: ='P10'!K$33 -> 0 | NI13: ='P10'!L$33 -> 0 | NJ13: ='P10'!M$33 -> 0 | ... PB13: ='P10'!BE$33 -> 0 | PC13: ='P10'!F$34 -> 0 | PD13: ='P10'!G$34 -> 0 | PE13: ='P10'!H$34 -> 0 | PF13: ='P10'!I$34 -> 0 | PG13: ='P10'!J$34 -> 0 | PH13: ='P10'!K$34 -> 0 | PI13: ='P10'!L$34 -> 0 | PJ13: ='P10'!M$34 -> 0 | ... RB13: ='P10'!BE$34 -> 0 | RC13: ='P10'!F$35 -> 0 | RD13: ='P10'!G$35 -> 0 | RE13: ='P10'!H$35 -> 0 | RF13: ='P10'!I$35 -> 0 | RG13: ='P10'!J$35 -> 0 | RH13: ='P10'!K$35 -> 0 | RI13: ='P10'!L$35 -> 0 | RJ13: ='P10'!M$35 -> 0 | ... TB13: ='P10'!BE$35 -> 0

Sheet Lookups
B3: Definition | C3: Value | D3: Definition2 | E3: Examples | F3: Assessment Criteria 2 | G3: Assessment Criteria 3 | H3: Assessment Criteria 4 | J3: KPI LISt | L3: Status Progress | M3: Weight | O3: Tasks | P3: Score | Q3: Multiplier | S3: Month | T3: Qtr | U3: Previous Quarter | W3: Qtr | X3: Start | Y3: End | AA3: KPI Categories | AC3: Ratio Impacted
B4: L1. Using external AI tools for basic internal productivity | C4: Simple Tool | D4: 10 | E4: ChatGPT for content, Co-Pilot for drafting emails, AI meeting sunnaries | F4: Adoption Rate | G4: Productivity Gains | H4: Cost Savings | J4: Select the primary KPI (Jonas Library) | L4: Dev | M4: 0.4 | O4: 0 | P4: Not Def | Q4: 0 | S4: 2025-7 | T4: 2025-Q3 | W4: 2025-Q3 | X4: 45839 | Y4: 45930 | AA4: Business Impact | AC4: R&D
B5: L2. Sophisticated AI tooling for developnent/operations but generally limited to a single departnent or workflow | C5: Complex Tool | D5: 25 | E5: AI-powered code review, automated testing, advanced development environments | F5: Integration Depth | G5: Process Improvement | H5: Skills Development | J5: AI Literacy Initiatives Completion Rate | L5: Idea | M5: 0.1 | O5: 1 | P5: Idea | Q5: 0.1 | S5: 2025-8 | T5: 2025-Q3 | W5: 2025-Q4 | X5: 45931 | Y5: 0 | AA5: Data Readiness & Governance | AC5: Maintenance
B6: L3. AI-powered internal business process inprovements | C6: Internal Process | D6: 50 | E6: Automated customer support triage, intelligent lead scoring, predictive maintenance, churn analysis, scheduling | F6: Employee Satisfaction | G6: Productivity Gains | H6: Cost Savings | J6: Audit Frequency and Results | L6: Live | M6: 1 | O6: 2 | P6: Idea | Q6: 0.1 | S6: 2025-9 | T6: 2025-Q3 | W6: 2026-Q1 | X6: 46023 | Y6: 46112 | AA6: Innovation & Scalability | AC6: S&M
B7: L4. Using AI to ehance existing customer-facing products | C7: Customer Feature - Existing | D7: 100 | E7: Smart data analysis in existing dashboards, intelligent recommendations, automated report generation | F7: Customer Adoption | G7: Usage Metrics | H7: Revenue Impact | J7: Automation Rate | L7: Not Defined | M7: 0 | O7: 3 | P7: Idea | Q7: 0.1 | S7: 2025-10 | T7: 2025-Q4 | U7: 2025-Q3 | W7: 2026-Q2 | X7: 46113 | Y7: 46203 | AA7: Operational Efficiency | AC7: PS
B8: L5. Entirely new product capabilities powered by AI | C8: Customer Feature - New | D8: 200 | E8: Predictive analytics modules, AI-powered workflow automation, intelligent decision support systems | F8: Market Differentiation | G8: Competitive Advantage | H8: Revenue Impact | J8: Consistency Scores | L8: Pilot | M8: 0.7 | O8: 4 | P8: Dev | Q8: 0.4 | S8: 2025-11 | T8: 2025-Q4 | U8: 2025-Q3 | W8: 2026-Q3 | X8: 46204 | Y8: 46295 | AA8: Risk & Governance | AC8: G&A
J9: Conversion Rates from AI-powered features | O9: 5 | P9: Dev | Q9: 0.4 | S9: 2025-12 | T9: 2025-Q4 | U9: 2025-Q3 | W9: 2026-Q4 | X9: 46296 | Y9: 46387 | AA9: Talent & Culture Readiness | AC9: M&A
J10: Cost Savings | O10: 6 | P10: Dev | Q10: 0.4 | S10: 2026-1 | T10: 2026-Q1 | U10: 2025-Q4
B11: Definition | C11: Value | D11: Definition2 | E11: Examples | F11: Assessment Criteria 2 | G11: Assessment Criteria 3 | H11: Assessment Criteria 4 | J11: Customer Satisfaction Scores (CSAT, NPS) | O11: 7 | P11: Pilot | Q11: 0.7 | S11: 2026-2 | T11: 2026-Q1 | U11: 2025-Q4
B12: L1. Using external AI tools for basic internal productivity | C12: Simple Tool | D12: 10 | E12: ChatGPT for content, Co-Pilot for drafting emails, AI meeting sunnaries | F12: Adoption Rate | G12: Productivity Gains | H12: Cost Savings | J12: Data Accessibility (Time to Data Access) | O12: 8 | P12: Pilot | Q12: 0.7 | S12: 2026-3 | T12: 2026-Q1 | U12: 2025-Q4
B13: L2. Sophisticated AI tooling for developnent/operations but generally limited to a single departnent or workflow | C13: Complex Tool | D13: 25 | E13: AI-powered code review, automated testing, advanced development environments | F13: Integration Depth | G13: Process Improvement | H13: Skills Development | J13: Data Quality Score (Valid-data ratio) | O13: 9 | P13: Pilot | Q13: 0.7 | S13: 2026-4 | T13: 2026-Q2 | U13: 2026-Q1
B14: L3. AI-powered internal business process inprovements | C14: Internal Process | D14: 50 | E14: Automated customer support triage, intelligent lead scoring, predictive maintenance, churn analysis, scheduling | F14: Employee Satisfaction | G14: Productivity Gains | H14: Cost Savings | J14: Employee AI Tool Adoption Rate | O14: 10 | P14: Live | Q14: 1 | S14: 2026-5 | T14: 2026-Q2 | U14: 2026-Q1
B15: L4. Using AI to ehance existing customer-facing products | C15: Customer Feature - Existing | D15: 100 | E15: Smart data analysis in existing dashboards, intelligent recommendations, automated report generation | F15: Customer Adoption | G15: Usage Metrics | H15: Revenue Impact | J15: Employee Productivity Gains | O15: 11 | P15: Live | Q15: 1 | S15: 2026-6 | T15: 2026-Q2 | U15: 2026-Q1
B16: L5. Entirely new product capabilities powered by AI | C16: Customer Feature - New | D16: 200 | E16: Predictive analytics modules, AI-powered workflow automation, intelligent decision support systems | F16: Market Differentiation | G16: Competitive Advantage | H16: Revenue Impact | J16: Error Rate Reduction | O16: 12 | P16: Live | Q16: 1 | S16: 2026-7 | T16: 2026-Q3 | U16: 2026-Q2
J17: Ethical Standards Adherence | S17: 2026-8 | T17: 2026-Q3 | U17: 2026-Q2
J18: Hallucination Detection Rate | S18: 2026-9 | T18: 2026-Q3 | U18: 2026-Q2
J19: Improvement in Decision-Making Speed | S19: 2026-10 | T19: 2026-Q4 | U19: 2026-Q3
J20: Market Share Expansion / New Market Entry | S20: 2026-11 | T20: 2026-Q4 | U20: 2026-Q3
J21: Metadata Management Maturity | S21: 2026-12 | T21: 2026-Q4 | U21: 2026-Q3
J22: New AI-enabled Products/Features
J23: Performance under Increased Load
J24: Process Cycle Time Reduction
J25: Regulatory Compliance Rate (Data Privacy)
J26: Revenue Growth from AI-enhanced products
J27: Successful Adaptation to New Use Cases
J28: Throughput
J29: Time Savings / Resolution Time Reduction
J30: Time-to-Market Reduction

Sheet KPI Library
A1: KPI Category | B1: KPI Name | C1: Definition/Explanation | D1: Example Metric/Calculation | E1: Relevance
A2: Business Impact | B2: Revenue Growth from AI-enhanced products | C2: Isolates the impact of AI-enabled strategies on revenue. | D2: % increase in revenue from AI-powered features | E2: Long-term, Strategic
B3: Cost Savings | C3: Quantifies financial benefits from AI-driven reductions in labor, resources, and time. | D3: "45 hours per week returned to team" 5, $X reduction in operational costs | E3: Short-term, Operational, Financial
B4: Customer Satisfaction Scores (CSAT, NPS) | C4: Measures AI's positive impact on user needs and product offerings. | D4: Comparison of before/after CSAT/NPS scores | E4: Short-term, Long-term, Customer Experience
B5: Time Savings / Resolution Time Reduction | C5: Time needed to complete tasks or resolve issues after AI implementation vs. before. | D5: "Customer issues resolved 40% faster month-over-month" 5 | E5: Short-term, Operational
B6: Market Share Expansion / New Market Entry | C6: Measures AI's facilitation of market growth or entry into new segments. | D6: Market penetration rates in new segments (%) 5 | E6: Long-term, Strategic
B7: Conversion Rates from AI-powered features | C7: Percentage of users completing a desired action via AI features. | D7: % increase in conversion rates | E7: Short-term, Strategic
A8: Operational Efficiency | B8: Process Cycle Time Reduction | C8: Measures improvement in process performance and cycle times due to AI. | D8: % reduction in cycle time for key processes | E8: Short-term, Operational
B9: Automation Rate | C9: Degree to which manual tasks are automated using AI-powered systems. | D9: "200 customer inquiries handled by AI per day" 5 | E9: Short-term, Operational
B10: Throughput | C10: Number of requests or tasks an AI system processes within a given timeframe. | D10: X requests per minute/hour | E10: Short-term, Operational
B11: Error Rate Reduction | C11: Percentage decrease in incorrect or invalid model outputs. | D11: % reduction in errors (e.g., defect detection rate) 3 | E11: Short-term, Operational, Quality
B12: Improvement in Decision-Making Speed | C12: How quickly a team can make decisions with AI assistance. | D12: % faster decision speed | E12: Short-term, Operational
A13: Talent & Culture Readiness | B13: Employee AI Tool Adoption Rate | C13: Percentage of eligible employees actively using AI tools. | D13: "75% of eligible employees actively using AI tools weekly" 5 | E13: Short-term, Cultural, Operational
B14: AI Literacy Initiatives Completion Rate | C14: Percentage of workforce completing AI training programs. | D14: % of workforce trained in AI fundamentals | E14: Long-term, Cultural
B15: Employee Productivity Gains | C15: Output per employee before and after AI implementation. | D15: % increase in output per employee | E15: Short-term, Operational, Human Impact
A16: Data Readiness & Governance | B16: Data Quality Score (Valid-data ratio) | C16: Percentage of data points meeting defined quality criteria. | D16: % of data points meeting quality standards | E16: Foundational, Ongoing
B17: Data Accessibility (Time to Data Access) | C17: Duration required to locate and access needed information. | D17: Hours/minutes to access specific datasets | E17: Foundational, Operational
B18: Regulatory Compliance Rate (Data Privacy) | C18: Percentage of AI processes/outputs adhering to legal/ethical data standards. | D18: % adherence to GDPR, CCPA, AI Act | E18: Foundational, Risk, Governance
B19: Metadata Management Maturity | C19: Effectiveness of practices for data discovery, understanding, and utilization. | D19: Score on a 1-5 scale for metadata completeness/accuracy | E19: Foundational, Governance
A20: Innovation & Scalability | B20: New AI-enabled Products/Features | C20: Count of new products or features directly attributed to AI. | D20: Number of new AI-driven features launched | E20: Long-term, Strategic, Innovation
B21: Time-to-Market Reduction | C21: Acceleration of product development cycles with AI. | D21: % reduction in time-to-market for new offerings | E21: Long-term, Strategic, Innovation
B22: Performance under Increased Load | C22: AI solution's performance (e.g., response time) under higher usage volumes. | D22: Response time at 2x, 5x, 10x normal usage 5 | E22: Long-term, Operational, Scalability
B23: Successful Adaptation to New Use Cases | C23: Percentage of attempted AI adaptations to new use cases that succeed. | D23: % of successful new use case adaptations 5 | E23: Long-term, Strategic, Scalability
A24: Risk & Governance | B24: Ethical Standards Adherence | C24: Measures AI model's fairness, transparency, accountability, and responsible use. | D24: Score based on ethical guideline compliance (e.g., bias detection, demographic parity) 3 | E24: Ongoing, Risk, Governance
B25: Audit Frequency and Results | C25: How often AI audits are conducted and thoroughness of system examinations. | D25: Number of audits per quarter, audit findings resolution rate | E25: Ongoing, Risk, Governance
B26: Hallucination Detection Rate | C26: For generative AI, measures the frequency of AI creating incorrect information. | D26: % of detected hallucinations 19 | E26: Ongoing, Risk, Quality
B27: Consistency Scores | C27: Measures consistent responses to similar inputs for AI models. | D27: Statistical variance in responses to varied queries 19 | E27: Ongoing, Quality, Reliability

Sheet Maturity Ratings
A1: AI Maturity Ratings
A2: Score | B2: Description
A3: 1 - Nascent | B3: Initial discussions and explorations. AI is not yet formally integrated into workflows.
A4: 2 - Exploring | B4: Pilot projects are underway. The BU is actively seeking out and testing AI use cases.
A5: 3 - Integrating | B5: Successful pilots are being scaled and integrated into business processes. AI is becoming a part of the operational toolkit.
A6: 4 - Optimizing | B6: AI is live in production. The focus is on maximizing ROI and efficiency gains.
A7: 5 - Transforming | B7: AI is a core component of the BU's strategy and a key driver of innovation and competitive advantage.
A10: Data Readiness Ratings
A11: Score | B11: Description
A12: 1- Beginner | B12: Data unavailable or very siloed
A13: 2- Basic | B13: Partial access to some data
A14: 3 - Developing | B14: Basic access to usable data; APIs are captured in OpenAPI standard with clear, useful natural language descriptions
A15: 4 - Strong | B15: Unified, usable data with some automation
A16: 5- Advanced | B16: AI-ready data pipelines, labeled, well-governed
A18: Technical Infrasructure Rating
A19: Score | B19: Description
A20: 1- Beginner | B20: No tools or infrastructure in place
A21: 2-Basic | B21: Basic cloud or tooling used manually
A22: 3 - Developing | B22: Some AI tools or platforms adopted
A23: 4 - Strong | B23: MLOps or pipelines partially automated
A24: 5- Advanced | B24: Scalable, production-grade AI infrastructure and tools
